created,duration,id,name,status,time,local_date,local_time,updated,utc_offset,waitlist_count,yes_rsvp_count,link,description,visibility,venue.id,venue.name,venue.lat,venue.lon,venue.repinned,venue.address_1,venue.city,venue.country,venue.localized_country_name,group.created,group.name,group.id,group.join_mode,group.lat,group.lon,group.urlname,group.who,group.localized_location,group.region,photo_album.photo_sample,how_to_find_us,venue.zip,venue.state,rsvp_limit,rsvp_close_offset,manual_attendance_count
1515714078e3,3600000,246728508,Debugging in RStudio,past,15169212e5,2018-01-25,18:00,1516930312e3,-18000000,0,18,https://www.meetup.com/RLadies-Columbus/events/246728508/,"<p>• What we'll do<br/>When you are building R scripts and documents, it can be challenging to figure out what went wrong when the code behaves in unexpected ways. Fortunately, there are excellent tools built into R and RStudio that can make debugging easier. This talk will explore those tools, including: using base R functions for debugging, tracing techniques, setting breakpoints in RStudio, understanding debug mode, and troubleshooting more complicated sources like packages and Shiny applications.</p> <p>• What to bring<br/>Charged laptop and your enthusiasm!</p> <p>• Important to know</p> <p>This meetup is not appropriate for very beginner level R users, we expect you to be familiar with fundamental R objects and functions.</p> <p>Parking: Park in any spot marked ""Reserved for the Columbus Collaboratory"". There should be more than enough available- all are free. If you find that these spots are filled - park anywhere in surrounding lots and Katie will give you a day pass for your dashboard.</p> <p>Call Katie if any issues finding it (440-452-6423).<br/>Directions and map also available here:<br/><a href=""http://columbuscollaboratory.com/Contact"" class=""linkified"">http://columbuscollaboratory.com/Contact</a></p> ",public,25330302,Columbus Collaboratory,39.98878479003906,-83.01953125,FALSE,1375 Perry Street,Columbus,US,USA,1475608147e3,R-Ladies Columbus,20600376,open,40.0099983215332,-83.0199966430664,RLadies-Columbus,Members,"Columbus, OH",en_US,,,,,,,
1513656603e3,7200000,246030346,Book Club,past,15172704e5,2018-01-29,19:00,1517330183e3,-18000000,0,10,https://www.meetup.com/R-Ladies-RTP/events/246030346/,"<p>• What we'll do<br/>Join us as we continue to work through R for Data Science. We will spend the first 30 minutes discussing questions and interesting points about chapter 5 (<a href=""http://r4ds.had.co.nz/transform.html"" class=""linkified"">http://r4ds.had.co.nz/transform.html</a>). You can prepare for this discussion by completing chapter 5 on your own beforehand. After reviewing chapter 5, we will start working through chapter 6 (<a href=""http://r4ds.had.co.nz/workflow-scripts.html"" class=""linkified"">http://r4ds.had.co.nz/workflow-scripts.html</a>) and 7 (<a href=""http://r4ds.had.co.nz/exploratory-data-analysis.html"" class=""linkified"">http://r4ds.had.co.nz/exploratory-data-analysis.html</a>) in small groups for the remainder of the meet-up.</p> <p>Homework due *this* Book Club: Complete chapter 5.<br/>Homework due next Book Club: Complete chapters 6 and 7.</p> <p>• What to bring<br/>Please bring your own laptop and your notes/questions from R for Data Science (online version) Chapter 5: Data Transformations.</p> <p>• Important to know<br/>All events are intended for women as leaders, mentors, members, and attendees. We are emphatically queer and trans friendly. Men are welcomed to attend as guests. This group was created so those who identify as women have a comfortable place to learn. If you would like to attend and feel excluded, please introduce yourself to an organizer.</p> ",public,6300922,Durham Public Library - South Regional Branch,35.9023323059082,-78.88829803466797,FALSE,4505 S. Alston Ave,Durham,us,USA,1471270976e3,R-Ladies RTP,20317472,open,36,-78.9000015258789,R-Ladies-RTP,Members,"Durham, NC",en_US,,Meet us in room 124.,27713,NC,,,
1507362867e3,7200000,244001325,R-Ladies November Meetup - My 1st Shiny App,past,15119784e5,2017-11-29,18:00,151203754e4,0,0,28,https://www.meetup.com/R-Ladies-Dublin/events/244001325/,<p>Plan of the evening</p> <p>18:00 - 18:30 Networking<br/>18:30 - 19:30 Shiny App mini-workshop (Jo Niec)<br/>19:30 - 20:00 Wrap up and questions</p> <p>Looking forward to seeing you!</p> ,public,24361428,Bank of Ireland,53.34980392456055,-6.260310173034668,FALSE,"Bank of Ireland, 1 Grand Canal Square, Grand Canal Quay, Dublin, Ireland",Dublin,ie,Ireland,147899282e4,R-Ladies Dublin,21149852,open,53.33000183105469,-6.25,R-Ladies-Dublin,Members,"Dublin, Ireland",en_US,,,,,,,
1511538221e3,,245361489,Reunión de cierre año 2017,past,15126732e5,2017-12-07,16:00,1512687902e3,-10800000,0,36,https://www.meetup.com/rladies-scl/events/245361489/,"<p>¡Ya tenemos fecha para nuestra última reunión del 2017! </p> <p>El jueves 7 de diciembre a partir de las 16:00 haremos un evento especial de cierre de año: un meetup múltiple con el grupo de usuarios de R en Chile (useRchile) y con la comunidad de PowerBI. En esta ocasión, el foco estará puesto en la presentación de trabajos y proyectos. </p> <p><br/>Charla 1  - Alexis Alvear, Subdirector Data UC: ""Democratización de los Datos Públicos"".</p> <p>Charla 2 - Cesar Hormazábal, Data Science en Metric Arts: ""Utilizando R, llevando el Data Science a Power BI"".</p> <p>Charla 3 - Riva Quiroga, Facultad de Letras UC: ""Text mining en R: buscando patrones lingüísticos en discursos políticos"".</p> <p>Charla 4 - Derek Corcoran, Chief Experience Officer at Avoka: ""Análisis espaciales y machine learning para predecir los resultados de la NBA en R"".</p> <p>Charla 5 - Sara Acevedo, Doctora (c) en Ciencias de la Ingeniería UC: ""Aplicación de algoritmos de machine learning para la estimación de propiedades del suelo"".</p> <p>Charla 6 - Joshua Kunst, R fan: “¿Por qué Shiny? ¿Por qué con estilo?”</p> ",public,25649472,Sala CS101 - Campus San Joaquín,-33.5006217956543,-70.61016082763672,TRUE,Facultad de Ciencias de la Salud,Santiago,cl,Chile,1500409431e3,R-Ladies Santiago,25039094,open,-33.459999084472656,-70.63999938964844,rladies-scl,RLadies,"Santiago, Chile",en_US,,,,,40,,
150886175e4,9000000,244485597,3º Meetup R-Ladies Rio,past,15114672e5,2017-11-23,18:00,1511543869e3,-7200000,0,51,https://www.meetup.com/R-Ladies-Rio/events/244485597/,"<p>Damos sequência aos nossos meetups sobre R e suas aplicações!</p> <p>Somente participantes com fotos, que informem documento de identificação ( RG ou CPF ) poderão acessar o evento.</p> <p>Teremos palestras sobre uso de R na Física e no Direito. Porque R é para todos os domínios de conhecimento. ;) </p> <p><b>R na Fisica</b></p> <p>Contaremos com a <b>Dra Clemencia Mora</b>, que irá palestrar sobre o R em aplicações na Física.</p> <p><b>Clemencia Mora Herrera</b> é doutora em ciências com menção em Física pela Universidade de Genebra, Suíça, na área de Física  Experimental de Altas Energias. Sua tese foi sobre a produção de életrons provenientes de decaimentos de hádrons de sabor pesado  nas primeiras colisões de prótons no LHC, medidas pelo experimento ATLAS. Possui Bacharelado em Astronomia e Mestrado em ciências com menção em Física pela PUC-Chile, e pós-doutorado no CBPF para formar parte do grupo do  experimento CMS no LHC. Atualmente é professora adjunta do Departamento de Física Nuclear e Altas Energias da UERJ onde desenvolve sua pesquisa a procura de física além do modelo padrão em eventos de produção exclusiva  com o experimento CMS. </p> <p>



E com o expertise da economista  <b>Helena Riveiro Fernandes</b>,que irá nos falar sobre:</p> <p><b>Análise Envoltória de Dados  com o pacote Benchmarking<br/>A Eficiência dos Juizados Especiais</b></p> <p>


<b>Helena Riveiro Fernandes</b> é mestre em ciências econômicas pela Universidade do Estado do Rio de Janeiro. Sua dissertação foi sobre o nível de eficiência nos juizados especiais. Possui Bacharelado em ciências econômicas pela PUC-Rio e pós-graduação em Administração pública pela FGV-rio.</p> <p>Atualmente trabalha como Assistente de pesquisa ll no IPEA onde auxilia em projetos de pesquisa de interesse nacional relacionados à produtividade setorial.</p> ",public_limited,25596779,Instituto de Física Armando Dias Tavares - UERJ,0,0,FALSE,"R. São Francisco Xavier, 524 - Maracanã - Sala de seminários do PPGF - sala 3144 F CEP: 20559-900 - Rio de Janeiro - RJ - Brasil",Rio de Janeiro,br,Brazil,148820884e4,R-Ladies Rio de Janeiro,22664282,approval,-22.90999984741211,-43.20000076293945,R-Ladies-Rio,R-Ladies,"Rio de Janeiro, Brazil",en_US,,,,,80,PT19H,
1508320385e3,10800000,244306536,Take your R scripts to a new planet: Jupyter notebooks with R!,past,15099912e5,2017-11-06,19:00,1510037915e3,3600000,0,36,https://www.meetup.com/rladies-barcelona/events/244306536/,"<p>T'agradaria aprendre a combinar els teus scripts de R amb text enriquit, explicacions de cada pas i les gràfiques corresponents? En aquesta trobada utilitzarem R mitjançant l’aplicació de Jupyter Notebook. </p> <p><br/><a href=""https://avatars3.githubusercontent.com/u/7388996?s=400&amp;v=4"" class=""linkified"">https://avatars3.githubusercontent.com/u/7388996?s=400&amp;v=4</a></p> <p>


La sessió serà una introducció a aquesta útil eina de treball, començant des dels passos de instal·lació, exemples bàsics fins a casos més sofisticats d’anàlisi utilitzant dades científiques.</p> <p><br/>Tot i que donarem instruccions a l’aula, recomanem que us <b>instal·leu anaconda prèviament</b>. Necessitareu:</p> <p>• Go to <a href=""https://www.anaconda.com/download""><a href=""https://www.anaconda.com/download"" class=""linkified"">https://www.anaconda.com/download</a></a> and download the appropriate version of anaconda. Then execute the downloaded sh script to install.  </p> <p>• Create a new, specific R environment and install the essential r packages and the IRKernel by typing at the terminal:  conda create -n my_r_env_name -c r r-essentials r-irkernel  </p> <p>• Activate the environment by typing at the terminal: source activate my_r_env_name </p> <p>• Install the nb_conda package by typing at the terminal: conda install nb_conda </p> <p>• Install the plotting libraries required for our examples: conda install r-gplots r-ggplot2</p> <p>Ens veiem ben aviat!</p> <p>


<i>____ English version ______________________</i></p> <p><br/>Would you like to learn how to combine your R scripts with enriched text explanations and graphs? In this meetup, we will run R code through the Jupyter Notebook app. </p> <p><a href=""https://avatars3.githubusercontent.com/u/7388996?s=400&amp;v=4"" class=""linkified"">https://avatars3.githubusercontent.com/u/7388996?s=400&amp;v=4</a></p> <p>This will be an introduction to this tool, starting from installation and setup and basic examples, and building up to more sophisticated examples with using scientific data.</p> <p><br/>Although we will give setup instructions there, it is recommended that you <b>install anaconda</b> in advance to the meetup. You will need to:</p> <p>• Go to <a href=""https://www.anaconda.com/download""><a href=""https://www.anaconda.com/download"" class=""linkified"">https://www.anaconda.com/download</a></a> and download the appropriate version of anaconda. Then execute the downloaded sh script to install.  </p> <p>• Create a new, specific R environment and install the essential r packages and the IRKernel by typing at the terminal:  conda create -n my_r_env_name -c r r-essentials r-irkernel  </p> <p>• Activate the environment by typing at the terminal: source activate my_r_env_name </p> <p>• Install the nb_conda package by typing at the terminal: conda install nb_conda </p> <p>•  Install the plotting libraries required for our example: r-gplots and r-ggplot2</p> <p><br/>See you all there!</p> ",public,24608081,Punt Multimèdia La Casa del Mig,41.37651443481445,2.14034104347229,FALSE,"Casa del Mig, (Parc de la Espanya Industrial), Carrer de Muntadas, 5",Barcelona,es,Spain,1477133796e3,R-Ladies Barcelona,20851840,open,41.400001525878906,2.1700000762939453,rladies-barcelona,R-Ladies,"Barcelona, Spain",en_US,,,,,,,
1509674863e3,10800000,244772792,R Markdown y cierre del año!,past,15116328e5,2017-11-25,15:00,1511710274e3,-10800000,0,32,https://www.meetup.com/rladies-buenos-aires/events/244772792/,"<p>Se viene el último evento del año! Y tenemos el taller de R Markdown para cerrar con broche de oro!!!</p> <p>R Markdown permite escribir informes reproducibles y dinámicos con R.  Podés usarlo para incluir código R y resultados en presentaciones, documentos pdf, html, Word y mas. Este taller está pensado desde un nivel básico-intermedio, así que no te preocupes si recién empiezas a codear en R.  Para aprovecharlo traé tu laptop con R y RStudio instalados (para más info de cómo hacer esto:<a href=""https://drive.google.com/open?id=0B0X9hdtcUykTdy1ZaVM3S3hxQ0k""><a href=""https://drive.google.com/open?id=0B0X9hdtcUykTdy1ZaVM3S3hxQ0k"" class=""linkified"">https://drive.google.com/open?id=0B0X9hdtcUykTdy1ZaVM3S3hxQ0k</a></a>.</p> <p>Si creés que te vendría bien una intro a R o un repaso antes de venir, <a href=""https://github.com/rladies/meetup-presentations_buenosaires/blob/master/README.md"">hacé click aquí</a> para ir al repositorio donde encontrarás todos los materiales de nuestros encuentros anteriores.</p> <p>Después del taller tendremos un espacio reservado para hacer sociales, así nos conocemos entre todxs y podemos compartir ideas para el próximo año. Este se realizará en el restaurant del Museo Evita, el consumo aprox. es de 150 pesos y además habrá torta especial de R-Ladies para todxs!</p> <p>Se vienen más detalles en unos días, por lo pronto revisá tu agenda y reservá tu lugar en el taller! Si confirmás asistencia pero luego no podés asistir, te pedimos por favor que dejes tu lugar disponible para otra persona ya que el espacio es limitado. Y si no podés asistir, el día de la reunión anunciaremos el acceso al streaming del evento. </p> <p><br/>Cualquier consulta no dudes en escribirnos por meetup, slack o fb.</p> <p>-------------------------------------------------------------------------------------</p> <p>****El evento se realizará en el auditorio del Museo Evita, para llegar se toma la entrada del restaurant, el auditorio está subiendo al escalera que está a la derecha en el patio del restaurant****</p> <p><br/>*** Para asegurarte que tu notebook está lista para trabajar en el taller, si es posible, por favor, actualizá tu versión de R y RStudio. También para instalar los paquetes necesarios para el taller, desde RStudio seguí estos pasos:</p> <p><br/>1) File -&gt; New file -&gt; R Markdown...</p> <p><br/>2) Se abrirá un cuadro de diálogo, hacé clic en ""Ok""</p> <p><br/>3) Se abrirá un script de R ""Untitled 1"", apretá Ctrl+Shift+K</p> <p><br/>4) Pedirá grabar el archivo, ponéle un nombre y hacé clic en ""Ok""</p> <p><br/>5) Si necesitás instalar paquetes, RStudio te avisará y lo hará. Si todo va bien, al final se abrirá una ventana mostrando un documento que comienza con la palabra ""Untitled"". Cerrá todo, ya estás lista para el taller.</p> <p><br/>Si surge algún problema durante este proceso, avisános por meetup, Slack o llegá un ratito antes al taller así tratamos de solucionarlo entre todas****</p> <p>Saludos!</p> ",public,25623467,Auditorio Museo Evita,-34.580650329589844,-58.41485595703125,FALSE,Juan María Gutiérrez 3926,Buenos Aires,ar,Argentina,1483482058e3,R-Ladies Buenos Aires,21760043,approval,-34.61000061035156,-58.369998931884766,rladies-buenos-aires,R Ladies,"Buenos Aires, Argentina",en_US,,,,,40,,
1505313771e3,4500000,243331084,"Play in the snow, then clean up your mess!",past,15121512e5,2017-12-01,12:00,1512160552e3,-21600000,0,20,https://www.meetup.com/rladies-nashville/events/243331084/,<p>Join us at the Wond'ry for a lunchtime meetup! Laurie Samuels will be demo-ing some packages for data cleaning in R; Svetlana Eden will be demo-ing a package that generates realistic snowflakes for some seasonal flair. See you there!</p> ,public,25237648,The Wond'ry,36.14297103881836,-86.80572509765625,FALSE,2414 Highland Avenue,Nashville,US,USA,1475090435e3,R-Ladies Nashville,20493986,open,36.16999816894531,-86.779998779296875,rladies-nashville,Members,"Nashville, TN",en_US,,"The Wond'ry is in the new engineering building on Highland Avenue. When you enter the building, go up the main spiral staircase; we'll be in the conference room at the back of the glassed-in space. There's a parking garage across the street.",,,20,,
1511133722e3,7200000,245241105,Beginner Statistic workshop in R,past,15119784e5,2017-11-29,19:00,1512136332e3,3600000,0,38,https://www.meetup.com/R-Ladies-Milan/events/245241105/,"<p>Beginner Statistic workshop in R</p> <p>Speaker: Navid Nobani</p> <p>In this workshop you will learn what is statistics, how it can be useful for data analysis and why as a data scientist you need to learn it. The topics are fundamental concepts, and are focused on:</p> <p>- What are variable types in data and how to deal with them</p> <p><br/>- How to measure variability and central tendency of data</p> <p>- How to choose graphical presentation types based on types of variables</p> <p><br/>- Linear &amp; regression modeling</p> <p><i>Language</i>: Examples &amp; exercises will be in R</p> <p><i>Prerequisites</i>: Having laptop is not mandatory</p> <p><i>Target Audience</i>: Beginners level</p> <p><i>Bio</i>: Navid is a data scientist at Prometeon Tyre Group. He has a background in Industrial Engineering and is working in the data science field since 2015. He uses R and Python in his daily activities to solve business problems in the marketing area.</p> <p><br/>If you are interested, don’t hesitate to join us &amp; spread the event to your friends too. We are looking forward to meet up with you!</p> ",public,25373969,EY,45.46611022949219,9.18288803100586,FALSE,"Via Meravigli, 12/14",Milano,it,Italy,1498774567e3,R-Ladies Milan,24752511,open,45.459999084472656,9.1899995803833,R-Ladies-Milan,Members,"Milano, Italy",en_US,,Please go to the reception and give your document and get a badge. I'll be there at 18.50 and we go to the classroom together.,,,40,,
1510667151e3,7200000,245104372,Lightning Talks,past,15173496e5,2018-01-30,17:00,1517366476e3,-18000000,0,12,https://www.meetup.com/rladies-ldnont/events/245104372/,"<p>Come join the R-Ladies in our first ever Lightning Talks event. In this fun, informal setting, participants have approximately 3 to 5 minutes to speak about their research, work, or a puzzle they're trying to solve - anything goes! R-related presentations are a bonus but not necessary! Our goal is to 1) provide a space to learn about the others in our community and 2) exchange ideas about methodologies, interests, and the tools we all are using.</p> <p>IMPORTANT FOR PRESENTERS:</p> <p>In addition to RSVPing on our MeetUp page, please ALSO complete this form (<a href=""https://goo.gl/forms/LeoSGYLzdgrXthks2"" class=""linkified"">https://goo.gl/forms/LeoSGYLzdgrXthks2</a>) by December 23 to help us with scheduling and to let us know important pieces of information.</p> <p>This is not meant to be a high-stakes presentation event - just a chance to share our projects with each other and learn a little about the questions each of us are asking in our own work and the tools we're using to answer them. As usual, we will head out for food and drinks following the event (drinks and apps for presenters are on us!)</p> <p>-----------------------------------------------------------------------------------------------------------------------------------------------</p> <p>NB: Please note that, in keeping with the global R-Ladies mission, R-Ladies London, Ontario will prioritize female leadership and participation. All interested people (regardless of gender) are welcome to RSVP to our events. However, in the event that we receive a greater amount of presenter interest than we feel is manageable for the space/time, we will prioritize female presenters.</p> ",public,19794792,London Public Library,42.98440170288086,-81.24620056152344,FALSE,251 Dundas St. ,London,ca,Canada,1484658259e3,"R-Ladies London, Ontario",21965959,open,43.0099983215332,-81.18000030517578,rladies-ldnont,R-Ladies,"London, ON",en_US,,We will be in the lobby on the first floor of the library (downtown branch),"",ON,,,
151601823e4,10800000,246832095,Hands on Data Study Evening ,past,15169032e5,2018-01-25,18:00,1516957824e3,0,0,22,https://www.meetup.com/R-Ladies-Manchester/events/246832095/,"<p>• What we'll do<br/>Hi Ladies, we hope you have enjoyed your holidays. R-Ladies Manchester is to start 2018 with an exciting workshop including networking and pizza!<br/>Using a real-life data set R-Ladies Manchester is hosting a workshop evening that will allow members to learn, and develop, skills and tricks for approaching a new data analysis project. We will split into groups, preferably with each group having a mix of backgrounds and R experience, to give the opportunity of peer learning and support. We envision that the workshop will include:</p> <p>• Using branches in Github to work on different versions of the project<br/>• Importing data into R<br/>• Data analysis and visualisations in R<br/>• Finding interesting insights from the data which we could present at the Manchester R group.</p> <p>• What to bring<br/>Please bring your laptops.</p> <p>• Important to know</p> ",public,25693947,Floor 12 Neo,53.470001220703125,-2.319999933242798,FALSE,Charlotte Street,Manchester,gb,United Kingdom,1480459381e3,R-Ladies Manchester,21314716,open,53.470001220703125,-2.2300000190734863,R-Ladies-Manchester,Members,"Manchester, United Kingdom",en_US,,,,,,,
1506472837e3,,243695892,Collaborative Data Science with Kaggle Kernels and Datasets,past,15082884e5,2017-10-17,18:00,1508396464e3,-25200000,0,24,https://www.meetup.com/rladies-la/events/243695892/,"<p>RLadies Los Angeles and LA Women Who Code are excited to present</p> <p><br/><b>Collaborative Data Science with Kaggle Kernels and Datasets</b></p> <p><b>by Megan Risdal<br/></b></p> <p>Code and data sharing in collaboration with others is integral to open data science. On Kaggle, the world’s largest online data science community, users use Kernels as a platform to share and execute reproducible code and Datasets to access, analyze, and maintain public data projects. Since the introduction of Kernels in 2015, users have written tens of thousand of kernels in R, Python, and Julia. And in the past year, users and organizations have published over 2,000 public datasets. Over this time, Kernels and Datasets have transformed how the data science community tackles machine learning problems, collaborates, and learns. In this talk, Megan Risdal uses community metrics and insights to share what Kernels and Datasets have taught Kaggle about collaborative data science. </p> <p><a href=""https://twitter.com/MeganRisdal"">Megan</a> is a Community Advocate and Data Scientist at Kaggle. She holds master’s degrees in linguistics from UCLA and North Carolina State University.</p> <p>Where: <a href=""https://www.google.com/maps/place/400+Hampton+Dr,+Venice,+CA+90291/@33.9954407,-118.4757689,20z/data=!4m5!3m4!1s0x80c2bacf14e5fcb9:0x325955854edc3b52!8m2!3d33.9955779!4d-118.4760707"">Google Venice</a>, 400 Hampton Drive, Venice 90291</p> <p>(Note: Enter through the gate on Sunset here: <a href=""https://goo.gl/QwgtQf""><a href=""https://goo.gl/QwgtQf"" class=""linkified"">https://goo.gl/QwgtQf</a></a>).</p> <p>When: Tuesday October 17th, 2017</p> <p>6.00: Doors open, food and drinks served. </p> <p>7.00: Talk start. </p> <p>8.00: Talk end. </p> <p>Unfortunately parking will not be provided, but there are public parking lots close by.</p> <p>Food and drinks will be provided. </p> <p>Bring photo ID - we cannot admit without it. Please do not attend if you are not on the list of registered attendees. </p> <p>Please be <a href=""http://www.businessinsider.com/the-meanings-of-googliness-2013-8"">Googley</a>, and if you’re not going to be able to attend, cancel so that someone else can attend instead.</p> ",public,25516055,Google,33.99557876586914,-118.47606658935547,FALSE,400 Hampton Drive,Venice,us,USA,1472857612e3,R-Ladies Los Angeles,20382018,open,34.06999969482422,-118.44999694824219,rladies-la,R Ladies,"Los Angeles, CA",en_US,,,"",CA,100,PT5H,
1511539626e3,,245361788,December R-Ladies Meetup: Regular Expressions,past,15124014e5,2017-12-04,17:30,1512463003e3,7200000,0,13,https://www.meetup.com/rladies-cape-town/events/245361788/,"<p>Hi everyone,</p> <p>We'll be having our last meetup of the year on the 4th of December in the afternoon. Jodie will  be giving a tutorial on  String Matching and Modification in R using Regular Expressions - handy when you're cleaning data. There will be something for beginners and intermediate users alike.</p> <p>Best,</p> <p>Megan, Wiebke, Theoni and Jodie</p> ",public,12322382,"3rd Floor, Bandwidth Barn, Woodstock Exchange",-33.924869537353516,18.424055099487305,FALSE,"66 - 68 Albert Road, Woodstock Exchange",Cape Town,za,South Africa,1488792247e3,R-Ladies Cape Town,22790744,open,-33.93000030517578,18.459999084472656,rladies-cape-town,Members,"Cape Town, South Africa",en_US,,,,,,,
1517434401e3,9000000,247359894,Los primeros pasos en R,past,15180408e5,2018-02-07,17:00,1518052389e3,-18000000,0,28,https://www.meetup.com/R-Ladies_Quito/events/247359894/,"<p>• Lo que haremos<br/>En este Meetup daremos los primeros pasos en R, desde su instalación hasta la generación de un reporte automático. Será un taller de contenidos básicos y contaremos con la presencia de nuestra súper RLadie de Santiago, Gaby Sandoval, quién nos contará cómo avanza el #LatinR2018.</p> <p>• Lo que hay que traer<br/>Cada asistente debe llevar su computador personal.</p> <p>• Información importante<br/>El evento inicia a las 17:00 pero las organizadoras estaremos desde las 16:30 para quienes tengan alguna inquietud previa a la instalación.</p> ",public,25715714,PUCE - Dirección de Informática,-0.2088949978351593,-78.49163818359375,FALSE,Av. 12 de Octubre y Roca,Quito,ec,Ecuador,1500409959e3,R-Ladies Quito,25039212,open,-0.1899999976158142,-78.5,R-Ladies_Quito,R-Ladies,"Quito, Ecuador",en_US,,"El Centro de Informática se encuentra en el subsuelo a lado de la Torre1, aula 111",,,30,,
1506427722e3,10800000,243675916,R-Ladies: OktobeRfest + Shiny,past,15071364e5,2017-10-04,19:00,1507390186e3,7200000,0,13,https://www.meetup.com/rladies-munich/events/243675916/,"<p>Let's meet up and have some fun with Oktoberfest data while learning how to build a web app with the Shiny package!</p> <p>


And you've guessed it right, we count with the support of <b>Wayra</b> for the venue once more. In case you haven't been there, it is a <i>very </i>comfy and cool place to hold workshops and talks. </p> <p><br/>So here are the details:</p> <p><br/><b>Date:</b> October 4th, 2017 (Wednesday) </p> <p><b>Time:</b> 19:00 - 21:30h </p> <p>Whether you are new to R or an expert user, work in academics or industry, this is a laid back event to further connect the R-Ladies community in Munich. During the MeetUp, you will have the opportunity to make new friends, freely discuss and practice R together while enjoying some snacks and drinks we provide (but if you feel like bringing something to share, that's great too). </p> <p>


Anyone who's interested in R is more than welcome - that means this is not a ""<i>women only""</i> event. Feel free to invite your friends and join us on this 4th MeetUp!</p> <p>Should you have any questions, please feel free to contact us at munich[at]rladies[dot]org.</p> <p>



Welcome on board, new RLadies members,</p> <p><br/>             and cheers to all!</p> <p>            <br/>               R-Ladies Munich</p> ",public,25230044,Wayra Deutschland GmbH,48.138099670410156,11.571772575378418,FALSE,"Kaufingerstraße 15, 80331 München",München,de,Germany,1490125568e3,R-Ladies Munich,22962662,approval,48.13999938964844,11.579999923706055,rladies-munich,useRs,"München, Germany",en_US,,,,,,,
1515531681e3,5400000,246653961,RStudio Show + Tell & Github Tips + Tricks,past,15172794e5,2018-01-29,18:30,151728925e4,-28800000,0,11,https://www.meetup.com/R-Ladies-PDX/events/246653961/,"<p>• What we'll do</p> <p>Times are approximate suggestions and not set in stone. We have the room reserved starting at 6pm.</p> <p>6:30 - Announcements<br/>Debbie will be conducting a survey to start a study group</p> <p>6:45 - Github Crash Course<br/>Augustina will walk through of how to use Github for collaboration. By the end of this, everyone will have a Github account and be added to the R-Ladies PDX Github Repo, and maybe even have a merged Pull Request!</p> <p>7:15 - RStudio Show and Tell<br/>Moderated by Adrienne<br/>Everyone who wants to can hook their laptop up to the projector and show how they use RStudio!</p> <p>8:00 - Wrap up (I think we have the room until 8:30)<br/>• What to bring</p> <p>Laptop would be a good idea!</p> <p>• Important to know</p> <p>Food<br/>Dinner will be provided courtesy of IBM with Gluten Free and Vegetarian options. If you have any special requests or suggestions please let Augustina know (no guarantees though). This is also why RSVP'ing is important, so we know how much food to bring!</p> <p>Bringing a Guest<br/>If you want to bring a guest, shoot me a message and I'll add them as an RSVP. We don't restrict who can come, this is just to make sure we have some idea of who is coming!</p> ",public,25614534,OHSU Collaborative Life Sciences Building (CLSB),45.503196716308594,-122.67186737060547,FALSE,2730 Southwest Moody Avenue,Portland,US,USA,1500532418e3,R-Ladies PDX,25057217,open,45.5,-122.69000244140625,R-Ladies-PDX,R-Ladies,"Portland, OR",en_US,,"Classroom CLSB 1S018 (1st floor through Lobby by Elephant's/Starbucks, see map/photos)",,,,,
1512140574e3,7200000,245560636,Último encuentro del 2017!!,past,15132024e5,2017-12-13,19:00,1513250423e3,-10800000,0,25,https://www.meetup.com/rladies-montevideo/events/245560636/,"<p>Hola a tod@as, estamos contentas de anunciar nuestro último encuentro del año y agradecerles por ser parte de esta iniciativa!</p> <p>Esta vez nos juntamos en Pyxis, Br España 2323 a las 19:00 hs.</p> <p>Para este encuentro tenemos dos invitadas que nos van a contar cosas muy interesantes!!</p> <p><br/>Maine Fariello: ""Visualización de datos genómicos""</p> <p>Daniela Vázquez: ""Cómo me metí en la tecnología por la ventana y en la NASA por la banderola""</p> <p><br/>Si te interesa anotarte a NASAdatanauts (<a href=""https://open.nasa.gov/blog/nasa-datanauts-apply-spring-2018-class/"" class=""linkified"">https://open.nasa.gov/blog/nasa-datanauts-apply-spring-2018-class/</a>) hasta el 22 de Diciembre estás a tiempo y Dani te va a contar sobre su experiencia.</p> <p><br/>La idea en este último encuentro es hacer una despedida lluvia, así que si podés traé algo para compartir (bebida o comida).</p> <p>Nos vemos pronto!</p> ",public_limited,24834536,Oficina de Pyxis,-34.91051483154297,-56.16464614868164,FALSE,Br España 2323 esq Cassinoni,Montevideo,uy,Uruguay,1496402205e3,R-Ladies Montevideo,24222373,approval,-34.869998931884766,-56.16999816894531,rladies-montevideo,R-Ladies,"Montevideo, Uruguay",en_US,,,,,,,
1516140152e3,7200000,246879184,Data Visualization with ggplot2 Book Club,past,15180444e5,2018-02-07,18:00,1518108102e3,-18000000,0,36,https://www.meetup.com/rladies-philly/events/246879184/,"<p>• What we'll do<br/>Join us for an interactive “book club” based on R for Data Science Chapter 3 (link: <a href=""http://r4ds.had.co.nz/data-visualisation.html"" class=""linkified"">http://r4ds.had.co.nz/data-visualisation.html</a>). Navigating data visualization in R can be a complicated journey – from choosing a package and function to actually exporting and saving a graph. Beginners and experts alike can benefit from talking about the common bottlenecks to making great graphs in R.</p> <p>Agenda:<br/>6:00-6:30: Networking, eating, announcements<br/>6:30-7:00: Chapter discussion and troubleshooting common questions and problems<br/>7:00-7:30: Expand to “real” data using example data from opendataphilly.org<br/>7:30: Lightning talk – R package of the day</p> <p>Once again, we are being hosted by the awesome people at MakeOffices! Thank you MakeOffices for allowing us to use the space. Please check them out: <a href=""https://makeoffices.com"" class=""linkified"">https://makeoffices.com</a></p> <p>When you arrive at Two Commerce Square (20th &amp; Market), you will need to check in with the security desk before heading up to the 25th floor. It helps if you can RSVP with us, so we can give an accurate guest list to the security desk.</p> <p>We are also supported by RStudio (<a href=""https://www.rstudio.com"" class=""linkified"">https://www.rstudio.com</a>). RStudio has a mission to provide the most widely used open source and enterprise-ready professional software for the R statistical computing environment. These tools further the cause of equipping everyone, regardless of means, to participate in a global economy that increasingly rewards data literacy.</p> <p>• What to bring<br/>Bring a laptop with R and RStudio installed. We recommend everyone read the chapter ahead of time and work through the exercises.</p> <p>• Important to know<br/>If you haven't been to an R-Ladies event, fill out our survey! <a href=""http://bit.ly/rladies-survey"" class=""linkified"">http://bit.ly/rladies-survey</a><br/>We will then add you to our Slack, where we can answer questions.</p> ",public,25434194,MakeOffices,39.95413589477539,-75.173553466796875,FALSE,2001 Market Street #2500,Philadelphia,us,USA,1507729015e3,R-Ladies Philly,26229746,open,40.119998931884766,-75.01000213623047,rladies-philly,R-Ladies,"Philadelphia, PA",en_US,,Check in with security and then take the elevator to MakeOffices on the 25th floor.,"",PA,60,,
1516925433e3,7200000,247170738,Primer meetup R-Ladies Lima,past,15174432e5,2018-01-31,19:00,1517489116e3,-18000000,0,67,https://www.meetup.com/rladies-lima/events/247170738/,"<p>Hola! Llegó el momento de reunirnos! Las invitamos a la primera reunion de RLadies Lima. En este primer meetup vamos a conocer más sobre este grupo, el movimiento global R-Ladies y finalmente conocernos!</p> <p>No importa en que te desempeñes, si estás estudiando o trabajando. No importa el área de investigación o programas que sigas como Estadística, Educación, Sociología, Política, Biología, Salud, Economía, Psicología, ninguna o varias de las anteriores. Si tienes curiosidad de qué es este movimiento principalmente de mujeres tomando la iniciativa en un área relacionada a la Ciencia, Tecnología, Ingeniería y Matemática únete a nuestro primer Meetup. Las esperamos! Información importante:</p> <p>Este primer encuentro será en la PUCP(aula por confirmar) el Miércoles 31 de Enero a las 7pm.</p> <p>Para el evento es necesario el registro en el siguiente link y portar el DNI en la puerta de la PUCP.<br/>Registro: <a href=""https://goo.gl/forms/PmSrQ3RoOhGtAXFB3"" class=""linkified"">https://goo.gl/forms/PmSrQ3RoOhGtAXFB3</a></p> ",public,24642368,"Campus PUCP, San Miguel.",-12.074135780334473,-77.07916259765625,FALSE,Av. Universitaria. San Miguel.,Lima,pe,Peru,1516856689e3,R-Ladies Lima,27269070,open,-12.069999694824219,-77.05000305175781,rladies-lima,R-Ladies,"Lima, Peru",en_US,,,,,100,,
150936487e4,3600000,244650317,Being 'inferior' and an intro to Liverpool's female data science group!,past,15120666e5,2017-11-30,18:30,151207506e4,0,0,3,https://www.meetup.com/rladies-liverpool/events/244650317/,"<p>Location - Starbucks in The Guild On November 30th Angela Saini is visiting Liverpool to give a talk on her book 'Inferior - How Science got Women'.</p> <p>Tickets for her event are free and available here :</p> <p><a href=""https://www.eventbrite.co.uk/e/how-science-got-women-wrong-tickets-36997705132?aff=es2"" class=""linkified"">https://www.eventbrite.co.uk/e/how-science-got-women-wrong-tickets-36997705132?aff=es2</a></p> <p>We are going to meet after her event to discuss her book and the future of R-Ladies Liverpool; discovering what our members would like to get out of being part of this group and think about what we might like to cover in our second meeting.</p> <p>We are really looking forward to meeting you all and hope to make this group fun and accessible to all who identify as female coders!</p> <p>Come for the code, stay for the cats @rladieslivUK</p> ",public,16778702,Liverpool Guild of Students,53.403907775878906,-2.9722259044647217,FALSE,Mount Pleasant,Liverpool,gb,United Kingdom,1509307254e3,R-Ladies Liverpool,26430333,open,53.41999816894531,-2.990000009536743,rladies-liverpool,R-Ladies,"Liverpool, United Kingdom",en_US,,For now: www.twitter.com/rladieslivUK,,,,,
1512417509e3,5400000,245646473,Karlijn Willems on Data Science with R,past,15131826e5,2017-12-13,17:30,1513190615e3,3600000,0,11,https://www.meetup.com/rladies-leuven/events/245646473/,"<p>We are very happy to have the amazing Karlijn Willems as a speaker for our first regular meeting.</p> <p>Karlijn is a Data Science Journalist at DataCamp. DataCamp is one of the biggest online learning platforms for Data Science and R programming.</p> <p>Karlijn will give us some insight into the R community and how to use interactive online platforms to learn R. We will have time for questions, discussions, and networking.</p> <p>You don't need to bring a laptop, as this meeting is rather a talk+discussion than a workshop/tutorial.</p> ",public,25647307,Seminar room 00.44 (ground floor),0,0,FALSE,Leopold-Vanderkelenstraat 32,Leuven,be,Belgium,1509377392e3,R-Ladies Leuven,26439137,open,50.880001068115234,4.699999809265137,rladies-leuven,R-Ladies,"Leuven, Belgium",en_US,,,,,,,
1502032462e3,,242331352,Welcome to R-Ladies Montenegro!,past,15036804e5,2017-08-25,19:00,1503693052e3,7200000,0,4,https://www.meetup.com/meetup-group-qhbcjAoe/events/242331352/,"<p>R-Ladies Montenegro is happy to announce our 1st MeetUp for 25 August 2017 at 19:00 in Herceg Novi (Caffe Bar Porto).</p> <p>If you would like to learn R and share your experience of working in R or would just like to find out what is R this would be a perfect place for you. It doesn't matter whether you are a beginner or an experienced R coder, come and join us! </p> <p>In our first meeting we will talk about why R is language of choice for many data scientists through a series of demonstrations and hands on exercises. You will be able to learn some of the fundamental concepts of R: basic use of R/RStudio console, inputting and importing different data types, record keeping, graphs etc. We will conclude our first meeting by showing how to create reproducible R-Markdown documents. If you have a laptop bring it with you so we can do some R coding together. We will show you how to install R and RStudio if you haven’t already done so.</p> <p>If any of you would like to present short demos of R code you are using in your projects or R packages please get in touch and we will include it in our programme.</p> <p>The final programme will be announced a few days prior to the meeting.</p> <p>We are looking forward to seeing you all…</p> <p>&gt; #---------------------------------------------------------------------</p> <p>R-Ladies Montenegro sa zadovoljstvom najavljuju naš prvi MeetUp 25. avgusta 2017. u 19h u Herceg Novom (Caffe Bar Porto).</p> <p>Ako želite naučiti R, podeliti svoje iskustvo u korišćenju R-a, ili biste samo želeli saznati što je to R, ovo će biti savršeno mesto za vas. Nije važno da li ste početnik ili iskusan R koder, dođite i pridružite nam se!</p> <p>Na našem prvom sastanku razgovaraćemo o tome zašto je jezik R izbor za mnoge data scientist-e kroz niz demonstracija i konkretnih vežbi. Moći ćete naučiti neke od osnovnih pojmova R-a, osnovnu upotrebu R/RStudio programa: unos i snimanje različitih vrsta podataka, grafički prikaz itd. Završi ćemo naš prvi sastanak tako što ćemo prikazati kako kreirati reproducibilni R-Markdown dokument. Ako imate laptop, donesite ga tako da možemo R-kodirati zajedno. Ako nemate R i RStudio na svom kompjuteru, pomoći ćemo vam da ih instalirate.</p> <p>Ako neko od vas želi demonstrirati svoj projekat i kod u R-u, ili svoj R-paket, molimo da nas kontaktirate kako bi smo vas uključili u programsku šemu.</p> <p>Konačna programska šema biće objavljena nekoliko dana pre sastanka.</p> <p>Unapred se radujemo našem susretu…</p> ",public,25438514,Caffe Bar Porto,42.45088195800781,18.53443145751953,TRUE,Vasa Ćukovića 22,HN,me,Montenegro,1501165477e3,R-Ladies Montenegro,25168374,open,42.459999084472656,18.530000686645508,meetup-group-qhbcjAoe,Members,"HN, Montenegro",en_US,,"Herceg Novi, near Škver Harbor",,,,,
1498073561e3,,240971068,Presentación de R-Ladies y Aplicaciones de R en Santa Rosa,past,14981778e5,2017-06-22,21:30,1498190404e3,-10800000,0,3,https://www.meetup.com/rladies-santa-rosa/events/240971068/,"<p>El ITES nos invitó a dar una charla para los estudiantes de la Tecnicatura Superior en Desarrollo de Software y al público en general este jueves 22 de junio a partir de las 21:30 hs.</p> <p>Las disertantes son la Magister en Explotación de Datos y Gestión de Conocimiento, Investigadora del INTA, Yanina Bellini Saibene y la Estudiante de Doctorado en Ciencias Agrarias de la UBA Marina Cook ambas organizadoras de RLadies Santa Rosa. En primer lugar se expondrá sobre Agro Minería de Datos: en un mundo que necesita cada vez mas alimentos, producir más y mejor, cuidando la salud y el medio ambiente, es uno de los desafíos del sector agropecuario. La minería de datos es una de las herramientas que puede ayudar en este objetivo al permitir analizar y modelar los sistemas productivos. Se informará sobre el uso de Data Mining en INTA y como R les ayuda en esa tarea.</p> <p><br/>En la segunda parte se referirán a Modelos Mixtos: los avances en informática permitieron desarrollar modelos más complejos y realistas para el análisis de datos. Nos mostrarán qué modelos usan y por qué; por qué usar R y que ventajas ofrece.</p> <p>Finalmente se hablará sobre RLadies: presentaremos el capitulo Santa Rosa de esta organización mundial que busca disminuir la brecha de género en las personas que usan R.</p> <p><br/>Los espermos!!!</p> ",public,25319632,ITES Santa Rosa,-36.61779022216797,-64.293853759765625,FALSE,General Pico y Sarmiento,Santa Rosa,ar,Argentina,1491479515e3,R-Ladies Santa Rosa,23174619,approval,-36.619998931884766,-64.30000305175781,rladies-santa-rosa,R-Ladies,"Santa Rosa, Argentina",en_US,,,,,,,
1509658588e3,3600000,244763763,Fouille de textes avec R: expression régulier.,past,15113718e5,2017-11-22,18:30,1511379014e3,3600000,0,7,https://www.meetup.com/R-Ladies-Strasbourg/events/244763763/,"<p>Dans ce meetup le theme est la <b>fouille de textes</b>. Une presentation sur comme manipuler de textes avec le function basic de R (grep, grepl, etc...) et avec le package <a href=""https://cran.r-project.org/web/packages/stringr/vignettes/stringr.html"">stringr</a> serait fait. Nous verrons comment extraire de valeur numérique et des tables dans un text. La presentation serait fait par Rita Giordano.</p> <p>


For this meetup will be presented a talk on how to manipulate string with R using the basic function as grep and the packages <a href=""https://cran.r-project.org/web/packages/stringr/vignettes/stringr.html"">stringr</a>. We will see how to extract numerical value and tables from a text file. The presentation will be performed by Rita Giordano.</p> ",public,5560022,Epitech,48.58378982543945,7.749598979949951,FALSE,4 rue du Dome,Strasbourg,fr,France,1506514356e3,R-Ladies Strasbourg,26068732,approval,48.58000183105469,7.75,R-Ladies-Strasbourg,Members,"Strasbourg, France",en_US,,Salle L202 deuxième étage Epitech.,,,,,
1500902119e3,,241975486,Meet and Greet,past,15037542e5,2017-08-26,09:30,1503767449e3,-14400000,0,3,https://www.meetup.com/RLadies-Buffalo/events/241975486/,<p>This will be a very informal event.  This initial meet up is meant to meet each other and find out a little bit about where everyone envisions this group going.  We want to know how much background you have in R and what topics are of interest.  We chose Spot Coffee on Hertel right now but based on who comes we can chose a more central location for future events.  We will also be curious as to what days/times work best for everyone to try and meet the needs of the group for scheduling other events.</p> ,public,25384241,SPoT Coffee Hertel,42.94785690307617,-78.85608673095703,FALSE,1406 Hertel Avenue,Buffalo,US,USA,1496006407e3,R-Ladies Buffalo,24100709,approval,42.900001525878906,-78.87999725341797,RLadies-Buffalo,R-Ladies,"Buffalo, NY",en_US,,,,,,,
1512389221e3,12600000,245634965,Wstęp do Shiny by iDash,past,1516896e6,2018-01-25,17:00,1516921702e3,3600000,0,86,https://www.meetup.com/Spotkania-Entuzjastow-R-Warsaw-R-Users-Group-Meetup/events/245634965/,"<p>Bezpłatne szkolenie z podstaw Shiny przygotowane przez zespół iDash.</p> <p>Formularz rejestracyjny:<br/><a href=""https://idash.pl/20180125_shinyintro_darmowe_so.php"" class=""linkified"">https://idash.pl/20180125_shinyintro_darmowe_so.php</a></p> <p>Rejestracja jest konieczna na ten meetup!!!</p> ",public,24542781,"Politechnika Warszawska, Wydział MINI",52.222225189208984,21.007280349731445,FALSE,ul. Koszykowa 75,Warsaw,pl,Poland,141258063e4,Spotkania Entuzjastów R-Warsaw RUG Meetup & R-Ladies Warsaw,17428672,open,52.2599983215332,21.020000457763672,Spotkania-Entuzjastow-R-Warsaw-R-Users-Group-Meetup,Entuzjaści R,"Warsaw, Poland",en_US,,,,,,,
1486573792e3,7200000,237554824,Kickoff Meeting!,past,14879772e5,2017-02-24,18:00,1487986435e3,-18000000,0,5,https://www.meetup.com/rladies-connecticut/events/237554824/,"<p><b><i>Let's get together to kickoff the launch of the R-Ladies CT group! </i></b></p> <p>The tentative agenda includes: </p> <p>6:00 PM - 6:30 PM - Arrive &amp; Enjoy refreshments</p> <p>6:30 PM - 7:00 PM - Networking (Some students with the <a href=""http://www.wesleyan.edu/qac/index.html"">QAC</a> will join us!)</p> <p>7:00 PM - 8:00 PM -  Short presentation &amp; discussion </p> <p>       • Intro to R-Ladies</p> <p>       • Stats from the <a href=""https://docs.google.com/forms/d/e/1FAIpQLSfwSJxR72_4fv3velcJcxfTJEbc6MovGRsqL5ZAWXhSMqsiWQ/viewform?c=0&amp;w=1"">survey</a></p> <p><br/>       • Call for volunteer organizers</p> <p><br/>       • Open discussion for future Meetup ideas!</p> <p><br/>------------------------------------------------------------------------</p> <p><b>Further Location &amp; Parking Details:</b></p> <p>Parking across the building in parking lot C.</p> <p>Additional parking: E and L lots  and street parking possible on High Street</p> <p>Wesleyan Campus map: <a href=""http://www.wesleyan.edu/about/images/maps/campus_map1.jpg""><img src=""http://www.wesleyan.edu/about/images/maps/campus_map1.jpg"" /></a></p> ",public,25039263,Allbritton Center room 311 @ Wesleyan University ,0,0,FALSE,222 Church Street,Middletown,us,USA,1478734165e3,R-Ladies Connecticut,21107834,open,41.790000915527344,-72.66999816894531,rladies-connecticut,R-Ladies,"Hartford, CT",en_US,,https://twitter.com/RLadiesCT,"",CT,,,
1501457914e3,7200000,242150865,R Absolute Beginners Workshop (Again!),past,15035616e5,2017-08-24,17:30,1503984133e3,34200000,0,20,https://www.meetup.com/rladies-adelaide/events/242150865/,"<p><b>****please register via Eventbrite link below****</b></p> <p><a href=""https://www.eventbrite.com/e/r-absolute-beginners-workshop-again-tickets-36673157401?aff=es2"" class=""linkified"">https://www.eventbrite.com/e/r-absolute-beginners-workshop-again-tickets-36673157401?aff=es2</a></p> <p><br/>Our first Absolute Beginners Workshop sold out, so R-Ladies will run a second August session for Absolute R Beginners!</p> <p><br/>Want to learn R? You have come to the right place because this time R-Ladies Adelaide offer you an opportunity to get yourself involved into R - the language of data! Come and spend Thursday evening with R-Ladies at Microsoft Innovation Centre on the 24th of August.</p> <p><br/>If you have never worked with R before and want to start, this event is for you! It is expected that all attendees will arrive with a laptop (and chargers), and R and RStudio installed on their computers (please follow the instructions here: <a href=""http://www.ics.uci.edu/~jutts/110/InstallingRandRStudio.pdf"" class=""linkified"">http://www.ics.uci.edu/~jutts/110/InstallingRandRStudio.pdf</a>). We will walk you through the R programming basics, help with FAQs, point you to relevant learning resources, and any other fundamental R questions you may have!</p> <p><b>PROGRAM:</b></p> <p>Timings: 5.30 doors open, lightning talk starts 5.40, the workshop starts 6 pm.</p> <p><b>WHAT IS COVERED:</b></p> <p>Getting around R</p> <p>Types of data and basic manipulations</p> <p>Graphics in R</p> <p><br/>P.S. RLadies Adelaide is part of the international organization RLadies Global and aims to encourage more women to get involved in their local programming communities. We encourage all genders to attend our events, and aim always to create a welcoming environment. All talks and workshops at RLadies will be presented by women, in order to strengthen the presence of women in the coding community. We hope to see you at our next event!</p> ",public,24287674,Microsoft Innovation Centre South Australia,-34.925804138183594,138.6050567626953,FALSE,147 Pirie Street,Adelaide,au,Australia,1486037613e3,R-Ladies Adelaide,22202405,open,-34.93000030517578,138.60000610351562,rladies-adelaide,Members,"Adelaide, Australia",en_US,,,,,,,
1485947123e3,,237364726,Launch Meetup/Tanışma Toplantısı & R-Başlangıç Seviyesi Eğitimi/R for Beginners ,past,14877648e5,2017-02-22,14:00,1488649091e3,7200000,0,14,https://www.meetup.com/R-Ladies-%C4%B0zmiR/events/237364726/,"<p>İzmir'de yapılacak olan ilk R etkinliğinde bizlerle beraber olmak ister misiniz!<br/>R programı hakkında bilgi sahibi olup, fikirleri ve tecrübeleri paylaşmak, yeni insanlarla tanışmak için güzel bir fırsat!<br/>Daha önce hiç R kodları ile uğraşmadıysanız ve bir giriş yapmak istiyorsanız bu ayki etkinlik tam size göre!<br/>Katılımcıların laptop ve şarj aletleri ile gelmeleri, bilgisayarlarında R ve RStudio'nun kurulu olması beklenmektedir. </p> <p>NOT: Kısıtlı bir eğitim alanımız olduğu için ilk toplantıya öncelikli olarak lisansüstü öğrenim gören katılımcıları bekliyoruz. Katılmak isteyen diğer grup üyelerinin gelmek istedikleri takdirde mail atmalarını ve durumu sormalarını rica ediyoruz.<br/>Ayrıca aşağıdaki anketi doldurursanız sevinirim.</p> <p><a href=""https://docs.google.com/forms/d/e/1FAIpQLSeGdhZf-rqsnV1zWoU7lgsNMbPvZXvYrDEuoNaQBDUimrMn0g/viewform"" class=""linkified"">https://docs.google.com/forms/d/e/1FAIpQLSeGdhZf-rqsnV1zWoU7lgsNMbPvZXvYrDEuoNaQBDUimrMn0g/viewform</a></p> <p>İzmir Dokuz Eylül İstatistik Bölümünden Yard. Doç. Dr. Engin Yıldıztepe bizlere R konusunda giriş seviyesinde bir seminer verecektir. </p> <p>


Yer: MB201 bilgisayar laboratuarı</p> <p><br/>Keyifli bir etkinlik bizleri bekliyor! Görüşmek üzere ;)</p> ",public,25024524,İzmir Ekonomi Üniversitesi,38.38825225830078,27.044815063476562,FALSE,"Teleferik, Sakarya Cd. No:156, 35330 Balçova",Izmir,tr,Turkey,1475989218e3,R-Ladies İzmiR,20659487,open,38.43000030517578,27.149999618530273,R-Ladies-İzmiR,Members,"Izmir, Turkey",en_US,,,,,,,0
1513024143e3,,245837809,Datos & Guaros Navideño,past,15132096e5,2017-12-13,19:00,1513224109e3,-18000000,0,1,https://www.meetup.com/R-Ladies-Bogota/events/245837809/,"<p>Hola a toda la comunidad datera!</p> <p>

Random Monkey, Queremos Datos y Datasketch los quiere invitar a participar en la última versión del año de Datos &amp; Guaros. En esta oportunidad queremos despedir el año con broche de oro y celebrando las propuestas de periodismo de datos, investigación y visualizaciones.</p> <p>¡Queremos celebrar con ustedes y conocer sus proyectos! Inscríbanse y participen en esta última versión ¡Habrá música en vivo y mucha danza!</p> <p>En el siguiente link encontrarán el formulario de inscripción y asistencia:</p> <p><a href=""https://docs.google.com/forms/d/e/1FAIpQLSdaQDx8SV5U6KwuC_cwPFg1wX5ZzP6Ivq45T2p9OIK9X8dp0g/viewform?c=0&amp;w=1""><a href=""https://docs.google.com/forms/d/e/1FAIpQLSdaQDx8SV5U6KwuC_cwPFg1wX5ZzP6Ivq45T2p9OIK9X8dp0g/viewform?c=0&amp;w=1"" class=""linkified"">https://docs.google.com/forms/d/e/1FAIpQLSdaQDx8SV5U6KwuC_cwPFg1wX5ZzP6Ivq45T2p9OIK9X8dp0g/viewform?c=0&amp;w=1</a></a></p> ",public,24681053,Casa ZEB,4.633559226989746,-74.07298278808594,FALSE,Calle 45 No 20 - 44 Teusaquillo,Bogotá,co,Colombia,1506119683e3,R-Ladies Bogotá,26017877,open,4.630000114440918,-74.089996337890625,R-Ladies-Bogota,Membres,"Bogotá, Colombia",en_US,,,,,,,
