created,duration,id,name,status,time,local_date,local_time,updated,utc_offset,waitlist_count,yes_rsvp_count,link,description,visibility,how_to_find_us,rsvp_limit,manual_attendance_count,rsvp_open_offset,rsvp_close_offset,venue.id,venue.name,venue.lat,venue.lon,venue.repinned,venue.address_1,venue.city,venue.country,venue.localized_country_name,venue.zip,venue.state,group.created,group.name,group.id,group.join_mode,group.lat,group.lon,group.urlname,group.who,group.localized_location,group.region
1507362867e3,7200000,244001325,R-Ladies November Meetup - My 1st Shiny App,upcoming,15119784e5,2017-11-29,18:00,1511288061e3,0,0,32,https://www.meetup.com/R-Ladies-Dublin/events/244001325/,<p>Plan of the evening</p> <p>18:00 - 18:30 Networking<br/>18:30 - 19:30 Shiny App mini-workshop (Jo Niec)<br/>19:30 - 20:00 Wrap up and questions</p> <p>Looking forward to seeing you!</p> ,public,,,,,,24361428,Bank of Ireland,53.34980392456055,-6.260310173034668,FALSE,"Bank of Ireland, 1 Grand Canal Square, Grand Canal Quay, Dublin, Ireland",Dublin,ie,Ireland,,,147899282e4,R-Ladies Dublin,21149852,open,53.33000183105469,-6.25,R-Ladies-Dublin,Members,"Dublin, Ireland",en_US
1501809982e3,,242269542,R for Data Science Workshop: Data Wrangling in the Tidyverse,upcoming,15120018e5,2017-11-29,18:30,1510766573e3,-21600000,0,25,https://www.meetup.com/rladies-austin/events/242269542/,<p>This is the third meetup in a series of six workshops to work through the book R for Data Science by Hadley Wickham and Garrett Grolemund. Please bring a laptop with R Studio and R loaded up. (Let us know if you have questions or need help getting that set up.)</p> <p>We'll be covering these chapters:<br/>+ Tibbles with tibble<br/>+ Data Import with readr<br/>+ Tidy data with tidyr<br/>+ Relational data with dplyr<br/>+ Strings with stringr<br/>+ Factors with forcats<br/>+ Dates and Times with lubridate</p> <p>Agenda<br/>+ 6:30 - 7pm : Dinner and Networking<br/>+ 7 - 8:30pm : Workshop</p> ,public,,,,,,25614075,Web.com,30.397998809814453,-97.67334747314453,FALSE,12234 North Interstate 35 Frontage Road,Austin,US,USA,,,1485879617e3,R-Ladies Austin,22180445,open,30.219999313354492,-97.75,rladies-austin,Members,"Austin, TX",en_US
1510258586e3,7200000,244973204,Building Interactive Plots with Shiny,upcoming,15120036e5,2017-11-29,19:00,1511043417e3,-21600000,0,20,https://www.meetup.com/RLadiesTC/events/244973204/,"<p>WHAT WE'RE DOING:</p> <p>This event will be a mix of socializing and trying out Shiny. Shiny is an R package that makes it easy to build interactive web apps straight from R. You can host standalone apps on a webpage or embed them in <a href=""http://rmarkdown.rstudio.com/"">R Markdown</a> documents or build <a href=""http://rstudio.github.io/shinydashboard/"">dashboards</a>. Â  <a href=""https://dgrtwo.shinyapps.io/cranview/"">Here's an example of a Shiny app</a> from David Robinson (the stats guy, not the basketball player).</p> <p>



WHAT TO BRING:</p> <p>Bring your laptop. Your laptop cord and a notebook might be a good idea, too. If you can, try to install R and the Shiny package before coming.</p> <p>



CONSUMING THINGS:</p> <p>Just down the hall is a mini coffee shop (open til 8PM). Feel free to bring snackies or beverages.</p> <p>



LOCATION:</p> <p>We have a classroom for this meetup! Meet us in room <b>226 of O'Shaughnessy Science</b>. This is the building connected to Owens science. You can park on Summit for free. The parking ramp is also convenient and decently priced ($1.00 or $1.50 per hour). The east side of the building has an elevator and the building is generally accessible.</p> <p>


VOLUNTEERS:</p> <p>Kim Ky and Becca will be creating some basicÂ  examples to teach us how Shiny works.</p> ",public,Room 226 in OSS. OSS is on Cretin between Grand and Summit.,,,,,24291704,O'Shaughnessy Science Hall,44.944122314453125,-93.18971252441406,FALSE,"2115 Summit Ave, St Paul, MN ",55105,us,USA,"",MN,1427928185e3,R Ladies - Twin Cities,18529799,open,44.939998626708984,-93.220001220703125,RLadiesTC,Rmateys,"Minneapolis, MN",en_US
1511133722e3,7200000,245241105,Beginner Statistic workshop in R,upcoming,15119784e5,2017-11-29,19:00,1511708982e3,3600000,0,40,https://www.meetup.com/R-Ladies-Milan/events/245241105/,"<p>Beginner Statistic workshop in R</p> <p>Speaker: Navid Nobani</p> <p>In this workshop you will learn what is statistics, how it can be useful for data analysis and why as a data scientist you need to learn it. The topics are fundamental concepts, and are focused on:</p> <p>- What are variable types in data and how to deal with them</p> <p><br/>- How to measure variability and central tendency of data</p> <p>- How to choose graphical presentation types based on types of variables</p> <p><br/>- Linear &amp; regression modeling</p> <p><i>Language</i>: Examples &amp; exercises will be in R</p> <p><i>Prerequisites</i>: Having laptop is not mandatory</p> <p><i>Target Audience</i>: Beginners level</p> <p><i>Bio</i>: Navid is a data scientist at Prometeon Tyre Group. He has a background in Industrial Engineering and is working in the data science field since 2015. He uses R and Python in his daily activities to solve business problems in the marketing area.</p> <p><br/>If you are interested, donâ€™t hesitate to join us &amp; spread the event to your friends too. We are looking forward to meet up with you!</p> ",public,Please go to the reception and give your document and get a badge. I'll be there at 18.50 and we go to the classroom together.,40,,,,25373969,EY,45.46611022949219,9.18288803100586,FALSE,"Via Meravigli, 12/14",Milano,it,Italy,,,1498774567e3,R-Ladies Milan,24752511,open,45.459999084472656,9.1899995803833,R-Ladies-Milan,Members,"Milano, Italy",en_US
1509468213e3,,244689350,Made in Warsaw,upcoming,15120612e5,2017-11-30,18:00,1510172548e3,3600000,0,128,https://www.meetup.com/Spotkania-Entuzjastow-R-Warsaw-R-Users-Group-Meetup/events/244689350/,"<p>W listopadzie posÅ‚uchamy o Å›wietnych rozwiÄ…zaniach i pakietach R stworzonych nad WisÅ‚Ä….Â </p> <p>BÄ™dzie i o Machine Learningu i o nowych rozszerzeniach do R â€“ warto przyjÅ›Ä‡ posÅ‚uchaÄ‡.</p> <p><br/>Zaczniemy (18:00-18:30) od prezentacji dr<b> MichaÅ‚a DramiÅ„skiego</b> (IPI PAN)Â <i>''MCFS-ID (Monte Carlo Feature Selection and Interdependence Discovery)''Â </i>dotyczÄ…cej pakietu rmcfs (<a href=""https://cran.r-project.org/web/packages/rmcfs/index.html"" class=""linkified"">https://cran.r-project.org/web/packages/rmcfs/index.html</a>) wspierajÄ…cego wybÃ³r istotnych cech dla problemÃ³w maÅ‚e n duÅ¼e p.MichaÅ‚ ma bogate doÅ›wiadczenie i w pracy badawczej i w biznesie (Netezza, IBM, iQor), wiÄ™cej o nim moÅ¼na znaleÅºÄ‡ tutaj: <a href=""http://www.ipipan.eu/staff/m.draminski/index.html""><a href=""http://www.ipipan.eu/staff/m.draminski/index.html"" class=""linkified"">http://www.ipipan.eu/staff/m.draminski/index.html</a></a></p> <p><br/>DrugÄ… prezentacjÄ™ (18:40-19:10) poprowadzi dr <b>Wit Jakuczun</b> (WLOG Solution), ktÃ³ry opowie o <i>RSuite - wzbogaceniu R o funkcjonalnoÅ›ci przydatne do duÅ¼ych biznesowych wdroÅ¼eÅ„</i>. WiÄ™cej o RSuite moÅ¼na przeczytaÄ‡ tutaj: <a href=""http://rsuite.io/""><a href=""http://rsuite.io/"" class=""linkified"">http://rsuite.io/</a></a> a o Wicie tutaj: <a href=""http://whyr.pl/blog/guests/2017/02/22/Wit-Jakuczun.html""><a href=""http://whyr.pl/blog/guests/2017/02/22/Wit-Jakuczun.html"" class=""linkified"">http://whyr.pl/blog/guests/2017/02/22/Wit-Jakuczun.html</a></a></p> <p><br/>Po prezentacjach gorÄ…co pizza i czas na networking.</p> <p>Serdecznie zapraszamy!</p> ",public,,,,,,23763273,Sala 329 WydziaÅ‚ MINI PW,0,0,FALSE,Koszykowa 75,Warsaw,pl,Poland,,,141258063e4,Spotkania EntuzjastÃ³w R-Warsaw RUG Meetup & R-Ladies Warsaw,17428672,open,52.2599983215332,21.020000457763672,Spotkania-Entuzjastow-R-Warsaw-R-Users-Group-Meetup,EntuzjaÅ›ci R,"Warsaw, Poland",en_US
1507644441e3,5400000,244082002,R Beginners - Third Session,upcoming,15120846e5,2017-11-30,18:30,1508253296e3,-18000000,0,30,https://www.meetup.com/rladies-dc/events/244082002/,<p>This is the third workshop in our R Beginners series. We'll do a deeper dive into plotting and begin learning about R markdown. No prior experience with R is necessary - just please attempt installing R and Rstudio prior to attending :) Please don't forget to let me know your full name by COB the day before for the attendence list.<br/>Note: this date and location is still tentative!</p> ,public,,30,,,,25255740,All Above All (offices),38.906097412109375,-77.04071807861328,FALSE,"1201 Connecticut Ave., NW, Suite 300",Washington,us,USA,"",DC,1481140109e3,R-Ladies Washington D.C.,21510971,open,38.90999984741211,-77.0199966430664,rladies-dc,R-Ladies,"Washington, DC",en_US
1508187825e3,5400000,244261258,November Meetup - All about Software/Data Carpentries (and more TBD!),upcoming,15120954e5,2017-11-30,18:30,1510780627e3,-28800000,0,15,https://www.meetup.com/R-Ladies-PDX/events/244261258/,"<p>We will be in CLSB 1S018</p> <p>I will post a map to the classroom and there will be signs to direct folks there.</p> <p><a href=""http://www.ohsu.edu/xd/about/visiting/directions/clsb-life-sciences.cfm"" class=""linkified"">http://www.ohsu.edu/xd/about/visiting/directions/clsb-life-sciences.cfm</a></p> <p>Agenda TBD!</p> <p>Augustina will be in the final stages of Carpentries Software Certification and will do a short presentation on it. For more info see: <a href=""https://software-carpentry.org"" class=""linkified"">https://software-carpentry.org</a></p> <p>Do you want to present something? Let us know!</p> <p>If we do not have a second presentation, we will spend the second half of the meeting doing some fun hands-on R group learning. If you have ideas or datasets you'd like to suggest, please let us know!!</p> <p>We will also provide FOOD because no one likes to R on an empty stomach :)</p> ",public,,,0,,,25614534,OHSU Collaborative Life Sciences Building (CLSB),45.503196716308594,-122.67186737060547,FALSE,2730 Southwest Moody Avenue,Portland,US,USA,,,1500532418e3,R-Ladies PDX,25057217,open,45.5,-122.69000244140625,R-Ladies-PDX,R-Ladies,"Portland, OR",en_US
150936487e4,3600000,244650317,Being 'inferior' and an intro to Liverpool's female data science group!,upcoming,15120666e5,2017-11-30,18:30,1511867666e3,0,0,3,https://www.meetup.com/rladies-liverpool/events/244650317/,"<p>Location TBC</p> <p>On November 30th Angela Saini is visiting Liverpool to give a talk on her book 'Inferior - How Science got Women'.</p> <p>Tickets for her event are free and available here :</p> <p><a href=""https://www.eventbrite.co.uk/e/how-science-got-women-wrong-tickets-36997705132?aff=es2"" class=""linkified"">https://www.eventbrite.co.uk/e/how-science-got-women-wrong-tickets-36997705132?aff=es2</a></p> <p>We are going to meet after her event to discuss her book and the future of R-Ladies Liverpool; discovering what our members would like to get out of being part of this group and think about what we might like to cover in our second meeting.</p> <p>We are really looking forward to meeting you all and hope to make this group fun and accessible to all who identify as female coders!</p> <p>Come for the code, stay for the cats @rladieslivUK</p> ",public,For now: www.twitter.com/rladieslivUK,,,,,,,,,,,,,,,,1509307254e3,R-Ladies Liverpool,26430333,open,53.41999816894531,-2.990000009536743,rladies-liverpool,R-Ladies,"Liverpool, United Kingdom",en_US
1505313771e3,10800000,243331084,"Play in the snow, then clean up your mess!",upcoming,15121512e5,2017-12-01,12:00,1511888166e3,-21600000,0,18,https://www.meetup.com/rladies-nashville/events/243331084/,<p>Join us at the Wond'ry for a lunchtime meetup! Laurie Samuels will be demo-ing some packages for data cleaning in R; Svetlana Eden will be demo-ing a package that generates realistic snowflakes for some seasonal flair. See you there!</p> ,public,"The Wond'ry is in the new engineering building on Highland Avenue. When you enter the building, go up the main spiral staircase; we'll be in the conference room at the back of the glassed-in space. There's a parking garage across the street.",20,,,,25237648,The Wond'ry,36.14297103881836,-86.80572509765625,FALSE,2414 Highland Avenue,Nashville,US,USA,,,1475090435e3,R-Ladies Nashville,20493986,open,36.16999816894531,-86.779998779296875,rladies-nashville,Members,"Nashville, TN",en_US
1488227228e3,3600000,shrsrmywqbcb,LunchinatoRs,upcoming,15121512e5,2017-12-01,12:00,1505943196e3,-21600000,0,1,https://www.meetup.com/R-Ladies-Ames/events/245390719/,"<p>Hosted by the Department of Ecology, Evolution, and Organismal Biology.Â </p> <p>This is a weekly meeting hosted by R-Lady Audrey McCombs and Haldre Rogers in EEOB for folks interested in learning R and eating lunch together. Thanks to Audrey for extending this invitation to all of R-Ladies Ames! They meet from 12-1pm every Friday in Bessey Hall, room 334.Â </p> <p>Email Audrey at amccombs@iastate.edu for more information. If you're looking to present some cool RÂ packages, how to wrestle with analysis issues, good coding practices, data management techniques, or anything else that you find interesting and helpful when working in R, let Audrey know! They'd love to host your presentation!</p> ",public,Room 334,,,,,25089815,Bessey Hall,42.02848815917969,-93.6446304321289,FALSE,2200 Osborn Drive,Ames,us,USA,50011,IA,1480118246e3,R-Ladies Ames,21280054,open,42.029998779296875,-93.63999938964844,R-Ladies-Ames,R-Ladies,"Ames, IA",en_US
1511539626e3,,245361788,December R-Ladies Meetup: Regular Expressions,upcoming,15124014e5,2017-12-04,17:30,1511539626e3,7200000,0,8,https://www.meetup.com/rladies-cape-town/events/245361788/,"<p>Hi everyone,</p> <p>We'll be having our last meetup of the year on the 4th of December in the afternoon. Jodie willÂ  be giving a tutorial onÂ  String Matching and Modification in R using Regular Expressions - handy when you're cleaning data. There will be something for beginners and intermediate users alike.</p> <p>Best,</p> <p>Megan, Wiebke, Theoni and Jodie</p> ",public,,,,,,12322382,"3rd Floor, Bandwidth Barn, Woodstock Exchange",-33.924869537353516,18.424055099487305,FALSE,"66 - 68 Albert Road, Woodstock Exchange",Cape Town,za,South Africa,,,1488792247e3,R-Ladies Cape Town,22790744,open,-33.93000030517578,18.459999084472656,rladies-cape-town,Members,"Cape Town, South Africa",en_US
1511185882e3,7200000,245252673,Book Club,upcoming,1512432e6,2017-12-04,19:00,1511185882e3,-18000000,0,17,https://www.meetup.com/R-Ladies-RTP/events/245252673/,"<p>â€¢ What we'll do<br/>Join us as we work through the first section of R for Data Science (<a href=""http://r4ds.had.co.nz/explore-intro.html"" class=""linkified"">http://r4ds.had.co.nz/explore-intro.html</a>) in small groups. This is a great way for both new and experienced users to become more familiar with R.</p> <p>All events are intended for women as leaders, mentors, members, and attendees. We are emphatically queer and trans friendly. Men are welcomed to attend as guests. This group was created so those who identify as women have a comfortable place to learn. If you would like to attend and feel excluded, please introduce yourself to an organizer.</p> <p>â€¢ What to bring<br/>Please bring your own laptop.</p> ",public,Turn right when you first walk in and you will find us sitting near the circular tables designated for quiet group discussion.,,,,,6300922,Durham Public Library - South Regional Branch,35.9023323059082,-78.88829803466797,FALSE,4505 S. Alston Ave,Durham,us,USA,27713,NC,1471270976e3,R-Ladies RTP,20317472,open,36,-78.9000015258789,R-Ladies-RTP,Members,"Durham, NC",en_US
1510018883e3,10800000,244885257,"Linear, Logistic, and Cox Regression: When and How to Run in RStudio",upcoming,15125112e5,2017-12-05,17:00,1510339826e3,-18000000,0,13,https://www.meetup.com/rladies-ldnont/events/244885257/,"<p>Join us to learn about regression in RStudio. This month's meet up will be led by Jacqueline Kueper, PhD candidate in Epidemiology and Biostatistics at Western.</p> <p>No previous experience with regression or RStudio is required; all abilities are welcome. The main portion of the session will involve step-by-step instructions on how to set up, run, and interpret results from regression models that include one and more than one independent variable. We will also cover some background on three types of regressionâ€”linear, logistic, and Coxâ€”including when and why you might want to run each of these models. Sample code and data will be made available so that you can follow along on a personal laptop; sitting back to absorb the conversation in a more hands-off way is also an option.</p> <p>Get excited! See you in December!</p> ",public,"We are in the Wellington Room, on the second floor at the back. Parking under the library (entrance on King St) can be validated for up to 2 hours at the library help desk.",,,,,19794792,London Public Library,42.98440170288086,-81.24620056152344,FALSE,251 Dundas St. ,London,ca,Canada,"",ON,1484658259e3,"R-Ladies London, Ontario",21965959,open,43.0099983215332,-81.18000030517578,rladies-ldnont,Members,"London, ON",en_US
1510847752e3,7200000,245161189,Intro to dplyr & ggplot2 with Marieke Jones,upcoming,15125148e5,2017-12-05,18:00,1511884523e3,-18000000,0,16,https://www.meetup.com/rladies-charlottesville/events/245161189/,"<p><b>* Updated Location * Please note that we will be meeting at Hemoshear, not VividCortex. Hemoshear is located near the other end of the Downtown Mall at 501 Locust Avenue, Suite 301. There is free parking in the parking lot.Â </b></p> <p>Pipes, plots, and more!Â </p> <p>Join us for a two-part workshop led by UVA's Marieke Jones on two core packages in the tidyverse: dplyr and ggplot2. This session is geared towards all proficiency levels in R. Whether you've just started learning and you want to know what piping is or how to make a plot, or if you're a pro and you want a refresher on writing cleaner code, this workshop will be beneficial to you. Also, there will be pizza :)</p> <p><b>Schedule:</b></p> <p>â€¢Â <b>6:00-6:45 Intro to R</b></p> <p>â€¢Â <b>6:45-7:30 Intro to dplyrÂ </b></p> <p>Come to one or both!Â </p> <p>Please bring a laptop with R, RStudio, and the tidyverse package installed before coming to the MeetUp. If you need a short tutorial on getting oriented in R and on installing a package in R, please see this YouTube <a href=""https://www.youtube.com/watch?v=lTTJPRwnONE"">video</a>.Â We will be available 30min before the session starts to assist anyone with troubles installing R, RStudio, or packages.</p> <p>Please download the <a href=""https://docs.google.com/spreadsheets/d/1ipUu6PPQJcX_QwMNWVwG2KJBWju5smrHMd9jcJwb64U/edit?usp=sharing"">nhanes.csv</a> dataset we will be using during the sessions. Save this file to your Desktop so you can easily find it.Â </p> <p>Follow us on twitter for more updates! @RLadiesCville</p> <p>See you then!</p> ",public,,,0,,,25636842,Hemoshear,0,0,FALSE,"501 Locust Avenue, Suite 301",Charlottesville,us,USA,"",VA,1506014722e3,R-Ladies Charlottesville,26004745,open,38,-78.45999908447266,rladies-charlottesville,Members,"Charlottesville, VA",en_US
1508957714e3,,244519503,ALL the Ladies in Tech Happy Hour: Winter Edition,upcoming,15125202e5,2017-12-05,18:30,1508957736e3,-21600000,0,1,https://www.meetup.com/rladies-austin/events/244519503/,"<p>***NOTE: RSVP is on Eventbrite for this event! Here's the link: <a href=""https://www.eventbrite.com/e/all-the-ladies-in-tech-happy-hour-winter-edition-tickets-39194718458"" class=""linkified"">https://www.eventbrite.com/e/all-the-ladies-in-tech-happy-hour-winter-edition-tickets-39194718458</a> ***</p> <p>This is a quarterly mega happy hour / networking mixer with the goal of connecting women in tech, data, and code in ATX.<br/>Apana's is offering a Happy Hour special of $1 off beer or wine. We've reserved their back room and around 7pm, we'll do some quick introductions for all of the groups present and a preview of the events they have planned for the winter.<br/>We're also partnering with Dress for Success Austin to do a drive for shoes and purses at this event -- if you have any extra shoes or purses, please consider bringing them to help women who are in need!<br/>This event is cohosted by these groups (please reach out if you know of a group that would like to co-host with us!):<br/>+ R-Ladies Austin<br/>+ Women in Data Science<br/>+ PyLadies ATX<br/>+ Women Who Code<br/>+ ChickTech Austin<br/>+ Austin Women in Technology<br/>+ Girl Develop It Austin<br/>Feel free to bring guests, but please note that we are limiting this event to those who identify as women only.<br/>Can't wait to see you all there!</p> ",public,,,0,,,24682955,Apana's Coffee & Beer @ the Domain,30.400697708129883,-97.7226791381836,FALSE,11501 Rock Rose #118 ,Austin,US,USA,,,1485879617e3,R-Ladies Austin,22180445,open,30.219999313354492,-97.75,rladies-austin,Members,"Austin, TX",en_US
1511864641e3,10800000,245462083,Pubquiz navideÃ±o R-Ladies + PyLadies + OSWeekends + HaskellMAD,upcoming,15124986e5,2017-12-05,19:30,1511883046e3,3600000,0,3,https://www.meetup.com/rladies-madrid/events/245462083/,"<p>Â¡Buenas, R-Ladies!</p> <p>Se acerca el Ãºltimo mes del aÃ±o y con Ã©l, lo queramos o no, la Navidad, las compras, los viajes, las cenas de empresa y el poco tiempo libre... AsÃ­ que hemos pensado en hacer del meetup de diciembre un evento mÃ¡s festivo.</p> <p>Como han hecho en comunidades R-Ladies de otras ciudades, os proponemos un pubquiz (<a href=""https://en.wikipedia.org/wiki/Pub_quiz"" class=""linkified"">https://en.wikipedia.org/wiki/Pub_quiz</a>), que es un concurso en un pub (sÃ­, el nombre es muy descriptivo!).</p> <p>##### Comunidades participantes #####</p> <p>â€¢ R-Ladies (<a href=""https://www.meetup.com/es-ES/rladies-madrid/"" class=""linkified"">https://www.meetup.com/es-ES/rladies-madrid/</a>)</p> <p>â€¢ PyLadies (<a href=""https://www.meetup.com/es-ES/PyLadiesMadrid/"" class=""linkified"">https://www.meetup.com/es-ES/PyLadiesMadrid/</a>)</p> <p>â€¢ Open Source Weekends (<a href=""https://www.meetup.com/es-ES/Open-Source-Weekends/"" class=""linkified"">https://www.meetup.com/es-ES/Open-Source-Weekends/</a>)</p> <p>â€¢ Madrid Haskell Users Group (<a href=""https://www.meetup.com/es-ES/Haskell-MAD/"" class=""linkified"">https://www.meetup.com/es-ES/Haskell-MAD/</a>)</p> <p>##### Funcionamiento #####</p> <p>##### Equipos #####</p> <p>Se harÃ¡n equipos (lo mÃ¡s igualados posible en cuestiÃ³n de comunidades y tecnologÃ­as, que al menos haya un integrante de cada comunidad).</p> <p>Cada equipo tiene que tener un nombre (que eligen sus integrantes) y lo ponen en su papel de respuestas.</p> <p>##### Preguntas y respuestas #####</p> <p>Las preguntas se dirÃ¡n por megafonÃ­a y se contestarÃ¡n en un papel. Los organizadores de cada comunidad llevarÃ¡n preparadas un mÃ­nimo de 10 preguntas. Cada pregunta tendrÃ¡ una respuesta Ãºnica. El tema de las preguntas es tecnologÃ­a (lenguajes, etc.) o preguntas sobre la comunidad.</p> <p>##### Ganador #####</p> <p>El equipo con mÃ¡s respuestas correctas es el ganador.</p> <p>##### Normas #####</p> <p>No se puede consultar la respuesta por internet. Seamos legales, Â¡vamos a pasarlo bien!</p> <p>##### Entradas #####</p> <p>Cada comunidad contarÃ¡ con 10 entradas, para que estÃ©n equilibrados entre los participantes los conocimientos tÃ©cnicos.</p> <p>##### Asistencia #####</p> <p>Por favor, si no te apuntas y luego ves que no vas a poder venir, Â¡libera tu plaza! Por muy poco tiempo que quede para el evento. En este meetup es especialmente importante para que los equipos puedan estar equilibrados. Â¡Gracias!</p> <p>** Disclaimer: Â¡sintiÃ©ndolo mucho no contamos con ayuda econÃ³mica asÃ­ que cada uno se tendrÃ¡ que pagar las consumiciones que tome! Â¡Gracias!</p> ",public,,6,,PT127H30M,PT36H30M,25636481,Bar Cuatro Gatos,40.41426086425781,-3.7064740657806396,FALSE,"Calle Salvador, 4",Madrid,es,Spain,,,1472848175e3,R-Ladies Madrid,20381623,open,40.41999816894531,-3.7100000381469727,rladies-madrid,R-Ladies,"Madrid, Spain",en_US
150853908e4,5400000,244388617,Rcpp Hands-on Workshop,upcoming,15126048e5,2017-12-06,18:00,1509943822e3,-21600000,0,13,https://www.meetup.com/R-Ladies-St-Louis/events/244388617/,"<p><img src=""https://i.imgflip.com/1xyoqa.jpg"" /></p> <p><b>R-Ladies of St. Louis...we have a solution just for you!Â </b></p> <p><b>Join us for a hands-on Rcpp workshop with St. Louis R-Lady and political scientist Erin Rossiter. Rcpp simplifies and speeds up functions by using C++ in combination with R. No C++ experience needed!</b></p> <p><br/><b>In addition to hands-on instruction, we will have drinks and snacks sponsored by neteffects, R book giveaways thanks to a generous gift from Sage Publishing, and cute new laptop stickers from @LockeData! See our Twitter feed @RLadiesSTL for pictures of the books and stickers.</b></p> <p><b>Please RSVP on the R-Ladies STL Meetup!</b></p> <p><br/><b>Contact us at &lt;a&gt;rladiesstl@gmail.com&lt;/a&gt; with questions.<br/></b></p> <p><b>See you theRe!</b></p> <p><b>Jenine &amp; Chelsea</b></p> <p><b>Food sponsor:</b></p> <p><img src=""https://secure.meetupstatic.com/photos/event/c/5/a/4/600_465950596.jpeg"" /></p> <p><b><br/></b></p> ",public,Morrissey Hall is located at 3700 Lindell Blvd just west of Grand,25,,,,25564117,Morrissey Hall,38.63766098022461,-90.23697662353516,FALSE,3700 Lindell Boulevard,St. Louis,US,USA,,,1503944681e3,R-Ladies St. Louis,25681976,open,38.630001068115234,-90.19000244140625,R-Ladies-St-Louis,R-Ladies of St. Louis,"Saint Louis, MO",en_US
1511538221e3,,245361489,ReuniÃ³n de cierre aÃ±o 2017,upcoming,15126732e5,2017-12-07,16:00,1511881007e3,-10800000,0,25,https://www.meetup.com/rladies-scl/events/245361489/,"<p>Â¡Ya tenemos fecha para nuestra Ãºltima reuniÃ³n del 2017!Â </p> <p>El jueves 7 de diciembre a partir de las 16:00 haremos un evento especial de cierre de aÃ±o: un meetup mÃºltiple con el grupo de usuarios de R en Chile (useRchile) y con la comunidad de PowerBI. En esta ocasiÃ³n, el foco estarÃ¡ puesto en la presentaciÃ³n de trabajos y proyectos.Â </p> <p><br/>Charla 1Â  - Alexis Alvear, Subdirector Data UC: ""DemocratizaciÃ³n de los Datos PÃºblicos"".</p> <p>Charla 2 - Cesar HormazÃ¡bal, Data Science en Metric Arts: ""Utilizando R, llevando el Data Science a Power BI"".</p> <p>Charla 3 - Riva Quiroga, Facultad de Letras UC: ""Text mining en R: buscando patrones lingÃ¼Ã­sticos en discursos polÃ­ticos"".</p> <p>Charla 4 - Derek Corcoran, Chief Experience Officer at Avoka: ""AnÃ¡lisis espaciales y machine learning para predecir los resultados de la NBA en R"".</p> <p>Charla 5 - Sara Acevedo, Doctora (c) en Ciencias de la IngenierÃ­a UC: ""AplicaciÃ³n de algoritmos de machine learning para la estimaciÃ³n de propiedades del suelo"".</p> <p>Charla 6 - Joshua Kunst</p> ",public,,,,,,25541430,Auditorio Mide-UC Campus San JoaquÃ­n,-33.49958801269531,-70.61544036865234,FALSE,"Av. VicuÃ±a Mackenna 4860, Macul",Santiago,cl,Chile,,,1500409431e3,R-Ladies Santiago,25039094,open,-33.459999084472656,-70.63999938964844,rladies-scl,RLadies,"Santiago, Chile",en_US
1511042604e3,,245217280,Kick-starting R-Ladies Vancouver!!!!,upcoming,15126984e5,2017-12-07,18:00,151114683e4,-28800000,0,11,https://www.meetup.com/R-Ladies-Vancouver/events/245217280/,"<p>Hello R-Ladies community!</p> <p><br/>We are ready to kick-start our Vancouver chapter of the R-Ladies!</p> <p><br/>Come along to this introductory event where we will discuss the mission of R-Ladies, goals of our chapter and get to know each other. This event is kindly supported by Hothead Games, who are hosting us at their office downtown, thanks a bunch Hothead Games! Also, shout-out to RStudio for providing the food. Space is limited so please make sure you RSVP to get your spot.</p> <p><br/>If you havenâ€™t done so yet, please fill out this survey to help us organize future events: <a href=""http://meet.meetup.com/wf/click?upn=pEEcc35imY7Cq0tG1vyTtzvunsCyKxCKYpTaEbXKAlBW3f8FXCLadsHoAxp5xgfj_CQ7n4E-2BgUeoCGIDa4hBlyamVQRfMhrZULcLb4L-2BbS6NUfsPuyG9IujIfOJGmsDiPFLBhOvBihI7EmYukDjP3BzYREAnCWvPIbLFcGUwr6RejKJGba7ejg502Z95BbO-2B573gbtpJhu6O29evC7fmv1NSi-2FoPKtqpyFqKmhkfPM0ahXv2-2FUcPyQj5-2BuV4wcH-2FucfHngE-2BWqi3hKmOWHgrn6xIz5cxcciSKdKrt4vhYAJ4-3D""><a href=""https://goo.gl/forms/oztMH7oj0bcKHFUq1"" class=""linkified"">https://goo.gl/forms/oztMH7oj0bcKHFUq1</a></a></p> <p><br/>Here is a tentative agenda. Times may shift depending on how many folks show up and what you are interested in sharing.</p> <p><br/>Â 6:00-6:15 pm - Arriving/networking</p> <p><br/>Â 6:15 pm: Introduction; a presentation with a discussion on:</p> <p>Â â€¢ What is R-Ladies?</p> <p>Â â€¢ What would we like to see at R-Ladies events</p> <p>Â â€¢ Share your comments about location for future meetups</p> <p>Â â€¢ Any other R-Ladies Vancouver issues you would like to discuss email: vancouver@rladies.org</p> <p><br/>7:00 pm - Lightning talks or an R related talk (depending on interest)</p> <p><br/>Lightning talks - this is an opportunity to informally introduce ourselves and share what we are using R for or what we are hoping to do with R (~ 5-10 minutes each). If you would like to give a little talk, here's a link to sign up <a href=""https://drive.google.com/open?id=1BQjWONGQ5RaRRIGKisJ43U0AuERCx-oUszQAap6gtms"">HERE</a>.There is no need for fancy slides (or any slides), the idea is to share our R interests/backgrounds and for the members to get to know each other.</p> ",public,,15,,,,25072155,Hothead Games Office,49.29037094116211,-123.12954711914062,FALSE,1555 W. Pender St.,Vancouver,ca,Canada,"",BC,1507261656e3,R-Ladies Vancouver,26169684,open,49.279998779296875,-123.04000091552734,R-Ladies-Vancouver,Members,"Vancouver, BC",en_US
1511208203e3,7200000,245261565,R-Ladies Launch with Hadley Wickham,upcoming,15126228e5,2017-12-07,18:00,1511905385e3,46800000,0,6,https://www.meetup.com/rladies-auckland/events/245261565/,"<p>Hi Everyone!</p> <p><br/>We are thrilled to announce our meetup launch with Hadley Wickham presenting an introduction to the tidyverse.Â </p> <p>This will aimed all all R abilities. For thoseÂ very new to R or those who have using the tidyverse for a while, you'll still pick up some new tricks.</p> <p>Bio:Â <br/>Hadley is Chief Scientist at RStudio, a member of the R Foundation, and Adjunct Professor at Stanford University and the University of Auckland. He builds tools (both computational and cognitive) to make data science easier, faster, and more fun. His work includes packages for data science (the tidyverse: including ggplot2, dplyr, tidyr, purrr, and readr) and principled software development (roxygen2,Â <br/>testthat, devtools). He is also a writer, educator, and speaker promoting the use of R for data science. Learn more on his website,Â <a href=""http://hadley.nz/""><a href=""http://hadley.nz"" class=""linkified"">http://hadley.nz</a></a>Â .</p> <p><br/>This meetup is being run in conjunction with the Data Science Discussion groupÂ <a href=""https://www.meetup.com/Data-Science-Discussion-Auckland/"" class=""linkified"">https://www.meetup.com/Data-Science-Discussion-Auckland/</a></p> <p><br/>We look forward to meeting you.</p> <p>R-Ladies Auckland.</p> <p>


<img src=""https://secure.meetupstatic.com/photos/event/e/8/1/600_466503713.jpeg"" /></p> ",public,,50,,,,25626143,"SLT1 Lecture Theatre, Room G01, Building 303 Science Building, University of Auckland",0,0,FALSE,38 Princes Street,Auckland,nz,New Zealand,,,151119739e4,R-Ladies Auckland,26653882,approval,-36.849998474121094,174.75999450683594,rladies-auckland,Members,"Auckland, New Zealand",en_US
1510666118e3,,245104057,Building Shiny apps,upcoming,15126696e5,2017-12-07,19:00,1510920516e3,3600000,0,16,https://www.meetup.com/R-Ladies-Brussels/events/245104057/,"<p>Shiny is an R package to build interactive web apps. Here a simple example of what you can do with Shiny: <a href=""https://shiny.rstudio.com/gallery/tabsets.html""><a href=""https://shiny.rstudio.com/gallery/tabsets.html"" class=""linkified"">https://shiny.rstudio.com/gallery/tabsets.html</a></a></p> <p>Refer toÂ RStudio's gallery for more examples.</p> <p>In this Shiny workshop you will learn how to build a Shiny app. We will cover Shiny app architecture, reactivity and how to share your app.</p> <p>What do you need?</p> <p>Bring your laptop with R, RStudio and Shiny package installed.</p> <p>We look forward to see you !</p> ",public,,,,,,25271576,DigitYser,50.85734939575195,4.350038051605225,FALSE,Boulevard d'Anvers 40,Brussels,be,Belgium,,,1502796907e3,R-Ladies Brussels,25492745,open,50.83000183105469,4.329999923706055,R-Ladies-Brussels,Members,"Brussels, Belgium",en_US
1488227228e3,3600000,shrsrmywqblb,LunchinatoRs,upcoming,1512756e6,2017-12-08,12:00,1505943196e3,-21600000,0,1,https://www.meetup.com/R-Ladies-Ames/events/shrsrmywqblb/,"<p>Hosted by the Department of Ecology, Evolution, and Organismal Biology.Â </p> <p>This is a weekly meeting hosted by R-Lady Audrey McCombs and Haldre Rogers in EEOB for folks interested in learning R and eating lunch together. Thanks to Audrey for extending this invitation to all of R-Ladies Ames! They meet from 12-1pm every Friday in Bessey Hall, room 334.Â </p> <p>Email Audrey at amccombs@iastate.edu for more information. If you're looking to present some cool RÂ packages, how to wrestle with analysis issues, good coding practices, data management techniques, or anything else that you find interesting and helpful when working in R, let Audrey know! They'd love to host your presentation!</p> ",public,Room 334,,,,,25089815,Bessey Hall,42.02848815917969,-93.6446304321289,FALSE,2200 Osborn Drive,Ames,us,USA,50011,IA,1480118246e3,R-Ladies Ames,21280054,open,42.029998779296875,-93.63999938964844,R-Ladies-Ames,R-Ladies,"Ames, IA",en_US
1510628157e3,29700000,245095439,R shiny with Azure MLï¼ˆé™åˆ¶å­¸ç”Ÿä»¥è¡¨å–®å ±åï¼‰,upcoming,15127812e5,2017-12-09,09:00,15116844e5,28800000,0,1,https://www.meetup.com/R-Ladies-Taipei/events/245095439/,"<p>æ­¡è¿åœ¨æ ¡æœ‰ç¨‹å¼æ’°å¯«ç¶“é©—åŒå­¸å ±åæ´»å‹•~~~~</p> <p>å¾®è»Ÿå¯¦ç¿’ç”Ÿè¨ˆç•«é‚€è«‹R-laides Ning Chen å¼µæ‡·æ–‡ ï¼ˆHuai-Wen Mia Changï¼‰ Kristen Chan ä¸€èµ·ç‚ºå¥³å¤§ç”Ÿè¾¦æ‰‹æŠŠæ‰‹<br/>""å­¸ç¿’å¦‚ä½•ç”¨éµé”å°¼è™Ÿæ•¸æ“šåšå‡ºä¸€å€‹web serviceï¼Œä¸Šæ‰‹Machine Learning Studio ä»¥ Web æœå‹™æ–¹å¼ç™¼ä½ˆæ¨¡å‹ï¼Œé€éR Shinyåšå‡ºå¯äº’å‹•å¼é æ¸¬çµæœä¸¦åœ¨ Azure è™›æ“¬æ©Ÿå™¨åŸ·è¡Œã€‚""</p> <p>å ±åè¡¨å–®åœ¨æ­¤-&gt;<a href=""http://tinyurl.com/ycdl96zx"" class=""linkified"">http://tinyurl.com/ycdl96zx</a><br/>ğŸˆæ´»å‹•æ™‚é–“ï¼š2017å¹´12æœˆ9æ—¥(å…­)<br/>ğŸˆæ´»å‹•å°è±¡ï¼š<br/>å¿…è¦æ¢ä»¶-&gt;6/30/2019å…·å‚™å¤§å°ˆé™¢æ ¡åœ¨æ ¡ç”Ÿè³‡æ ¼ï¼ˆå«å¤§å­¸ã€ç ”ç©¶æ‰€ã€åšå£«ç”Ÿ)ä¹‹å¥³ç”Ÿ<br/>ğŸˆå„ªå…ˆæ¢ä»¶-&gt;å…·æœ‰ç¨‹å¼æ’°å¯«ç¶“é©—è€…(è«‹æ–¼å ±åè¡¨ä¸­è©³ç´°æ’°å¯«)<br/>ğŸˆæ´»å‹•è²»ç”¨ï¼šFREE-&gt;ç²¾é€²codingçš„å¤§å¥½æ©Ÿæœƒï¼Œå¥³å¤§ç”Ÿå¿«ä¾†å ±åå§!</p> <p>*ä¸»è¾¦æ–¹å°‡ä»¥emailæ–¹å¼é€šçŸ¥å ±åæˆåŠŸè€…ã€‚</p> ",public,,1,,,PT1021H,,,,,,,,,,,,1477246235e3,R-Ladies Taipei,20871369,open,25.020000457763672,121.44999694824219,R-Ladies-Taipei,Members,"Taipei, Taiwan",en_US
1511720542e3,9000000,245414733,Rise & Shiny - Interactive Maps (Leaflet),upcoming,15128316e5,2017-12-09,10:00,1511720542e3,-18000000,0,13,https://www.meetup.com/rladies-dc/events/245414733/,"<p>December <b>Rise &amp; Shiny</b> will cover topics in Interactive Maps and how to use the Leaflet package/framework in Shiny apps. We're going to try a slightly different format this month: less ""lecture"" tutorial, and more ""choose your own adventure"" tutorial. Our goal will be to publish tutorial material on Friday night, before the workshop, so that you can get a sense for what part or sections you might like to try working through on Saturday morning.</p> <p><b>Topics of Interest:</b><br/>- The leaflet package<br/>- R packages for extending leaflet<br/>- GeoJSON (what is it / how to create it)<br/>- Alternatives to leaflet<br/>- Github and shinyapps.io<br/>- Coffee and Muffins!</p> <p><b><i>Thanks as always to our sponsor, B23 - platform.b23.io</i></b></p> <p>This event is open to all members of the RStats community who support our mission of increasing gender diversity in tech. If this is your first meetup with us, please take a moment to read our <a href=""https://github.com/rladies/starter-kit/wiki/Code-of-Conduct"">code of conduct</a> before committing to attend.</p> ",public,"Look for an R-Ladies Organizer in the building lobby entrance - If you know you'll be 15 minutes late or more, please give us a heads up in the comments!",,,,,24926931,WeWork Tysons,38.92342758178711,-77.2208023071289,FALSE,1775 Tysons Blvd,tysons,us,USA,"",VA,1481140109e3,R-Ladies Washington D.C.,21510971,open,38.90999984741211,-77.0199966430664,rladies-dc,R-Ladies,"Washington, DC",en_US
1511210964e3,,245263160,Communicating Your Data Science Results and Wrangling Data,upcoming,1512837e6,2017-12-09,10:30,1511210964e3,-21600000,0,7,https://www.meetup.com/RLadiesTC/events/245263160/,"<p>WHAT WE'RE DOING:</p> <p>Youâ€™ll learn to use R Markdown to communicate your data science results easily. Youâ€™ll also learn to use R package dplyr to wrangle your data.</p> <p>


WHAT TO BRING:</p> <p>Bring your laptop. Your laptop cord and a notebook might be a good idea, too. If you can, try to install R, R Markdown, and the dplyr package before coming.</p> <p>



CONSUMING THINGS:</p> <p>Just down the hall is a mini coffee shop (open til 8PM). Feel free to bring snackies or beverages from home.</p> <p>



LOCATION:</p> <p>We have a classroom for this meetup! Meet us in room <b>226 of O'Shaughnessy Science</b>. This is the building connected to Owens science. You can park on Summit for free. The parking ramp is also convenient and decently priced ($1.00 or $1.50 per hour). The east side of the building has an elevator and the building is generally accessible.</p> <p>


VOLUNTEERS:</p> <p>Kierstin Catlett will teach us how to use dplyr.</p> <p>Do you want to demonstrate how to use R Markdown?</p> ",public,Room 226 in OSS. OSS is on Cretin between Grand and Summit.,,,,,24291704,O'Shaughnessy Science Hall,44.944122314453125,-93.18971252441406,FALSE,"2115 Summit Ave, St Paul, MN ",55105,us,USA,"",MN,1427928185e3,R Ladies - Twin Cities,18529799,open,44.939998626708984,-93.220001220703125,RLadiesTC,Rmateys,"Minneapolis, MN",en_US
1511781953e3,,245433768,Kick-off Meeting,upcoming,1512837e6,2017-12-09,17:30,1511781953e3,3600000,0,9,https://www.meetup.com/rladies-leuven/events/245433768/,"<p>R-Ladies Leuven is now officially alive and kicking! And to celebrate we are organizing our first kick-off meeting to shape the future ofÂ our chapter. In this meeting, we will introduce R-Ladies and R-Ladies Leuven, we will get to know each other, and we will discuss how we want to shape future events in our community.Â </p> <p><br/>Schedule:</p> <p>5:30pm - Doors open</p> <p>5:45pm - Welcome and introduction to R-Ladies and R-Ladies Leuven (who we are!)</p> <p>6:00pm - Participants introduction (who you are and what you want to get from R-Ladies Leuven)</p> <p>6:30pm - Discussion and presentation of our December monthly meeting (we have one speaker already confirmed!)</p> <p><br/>This is our kick-off meeting and want to host it in an informal way to get to know each other. Because of that, we chose Pangaea, where we can meet and discuss while having some drinks and snacks. After the meeting, we can continue the discussion at the nearby STUKcafÃ©.</p> <p>

Remember that the stated priority of the R-Ladies communities is the development &amp; support specifically of those identifying as female. However, due to unexpected demand, we have opened learning participation to all genders, provided everybody respects the guidelines of our code of conduct. So feel free to come and join!</p> ",public,,,,,,23360892,Pangaea ,50.87302017211914,4.704579830169678,FALSE,"Andreas Vesaliusstraat 34, 3000 Lovaina",Lovaina,be,Belgium,,,1509377392e3,R-Ladies Leuven,26439137,open,50.880001068115234,4.699999809265137,rladies-leuven,R-Ladies,"Leuven, Belgium",en_US
1511823303e3,,245450756,Christmas Party!,upcoming,15129738e5,2017-12-11,17:30,1511910391e3,39600000,0,21,https://www.meetup.com/R-Ladies-Melbourne/events/245450756/,"<p><img src=""https://secure.meetupstatic.com/photos/event/b/8/e/0/600_466487328.jpeg"" /></p> <p>


Merry Christmas Everyone!</p> <p>To celebrate the festive season come and join us on December 11 for our annual R-Ladies Christmas Party! There will be R-related games with lots of prizes, drinks and pizza. Come along and get to know your fellow members!</p> <p>This is also a great opportunity to let us know your thoughts on the meetings we've had this year and what you would like to see next year. If you would like contribute to the group, whether by giving a short talk, workshop or seminar we would love to hear from you.</p> <p>It's going to be a great night and we hope to see everyone there!</p> <p>Please remember to bring a laptop with you.</p> <p>Wishing you all a safe and happy holiday.</p> <p>R-Ladies Melbourne</p> <p>


Graphics for the flyer were obtained fromÂ <br/>[A fractal Christmas Tree](<a href=""https://gist.github.com/toddleo/61dc86f7012a728944f2"" class=""linkified"">https://gist.github.com/toddleo/61dc86f7012a728944f2</a>)<br/>[A Simpler Christmas Tree](<a href=""https://gist.github.com/jtleek/4369771"" class=""linkified"">https://gist.github.com/jtleek/4369771</a>)</p> ",public,,,,,,24579586,Zendesk Basement,-37.8170280456543,144.96153259277344,FALSE,"395 Collins St, Melbourne",Melbourne,au,Australia,,,1472776317e3,R-Ladies Melbourne,20378903,open,-37.810001373291016,144.9600067138672,R-Ladies-Melbourne,Members,"Melbourne, Australia",en_US
1511186164e3,7200000,245252742,Book Club,upcoming,15130368e5,2017-12-11,19:00,1511186164e3,-18000000,0,6,https://www.meetup.com/R-Ladies-RTP/events/245252742/,"<p>â€¢ What we'll do<br/>Join us as we work through the second section of R for Data Science (<a href=""http://r4ds.had.co.nz/wrangle-intro.html"" class=""linkified"">http://r4ds.had.co.nz/wrangle-intro.html</a>) in small groups. This is a great way for both new and experienced users to become more familiar with R.</p> <p>All events are intended for women as leaders, mentors, members, and attendees. We are emphatically queer and trans friendly. Men are welcomed to attend as guests. This group was created so those who identify as women have a comfortable place to learn. If you would like to attend and feel excluded, please introduce yourself to an organizer.</p> <p>â€¢ What to bring<br/>Please bring your own laptop.</p> ",public,Turn right when you first walk in and you'll find us sitting near the circular tables designated for quiet group discussion.,,,,,6300922,Durham Public Library - South Regional Branch,35.9023323059082,-78.88829803466797,FALSE,4505 S. Alston Ave,Durham,us,USA,27713,NC,1471270976e3,R-Ladies RTP,20317472,open,36,-78.9000015258789,R-Ladies-RTP,Members,"Durham, NC",en_US
1503414537e3,,242739422,Holiday Exodus Pub Night,upcoming,15131196e5,2017-12-12,18:00,1503414537e3,-18000000,0,1,https://www.meetup.com/rladies-boston/events/242739422/,"<p>Nobody's in town! Let's do a no-stress thing! Input welcome for a no-prep, no-laptops [required] event :)</p> ",public_limited,,,0,,,,,,,,,,,,,,1474065871e3,R-Ladies Boston,20433637,approval,42.36000061035156,-71.06999969482422,rladies-boston,R-ladies,"Boston, MA",en_US
1511354738e3,10800000,245307502,lightning_talks(R-Ladies),upcoming,1513098e6,2017-12-12,18:00,151181679e4,3600000,0,31,https://www.meetup.com/R-Ladies-Budapest/events/245307502/,"<p>Decemberben tiÃ©tek a fÅ‘szerep!</p> <p>A program 5 perces lightning talk-okbÃ³l fog Ã¡llni, amiket ti tarthattok olyan tÃ©mÃ¡krÃ³l, amelyek titeket Ã©rdekelnek: egy hasznos R package, igzalamas esettanulmÃ¡ny, Ã©rdekes mÃ³dszertan stb. Az elÅ‘adÃ¡sok utÃ¡n pizza evÃ©s kÃ¶zben kÃ¶tetlen beszÃ©lgetÃ©s sorÃ¡n lehet ismerkedni, beszÃ©lgetni az elhangzott tÃ©mÃ¡krÃ³l.</p> <p>Az eddig beÃ©rkezett tÃ©mÃ¡k kÃ¶zÃ¶tt van idÅ‘sorelemzÃ©s, web scraping, szÃ³felhÅ‘ kÃ©szÃ­tÃ©s sÅ‘t mÃ©g dunnhumby esettanulmÃ¡ny is. Hamarosan kÃ¶zzÃ© tesszÃ¼k a vÃ©gleges programot is, de mÃ©g vÃ¡rjuk tovÃ¡bbi elÅ‘adÃ³k jelentkezÃ©sÃ©t a budapest@rladies.org cÃ­men!</p> <p>----------------------------------------------------------------------------------------------------------------------</p> <p>SzervezÃ©si rÃ©szletek</p> <p>Az Accenture biztonsÃ¡gi elÅ‘Ã­rÃ¡sait nekÃ¼nk is teljesÃ­tenÃ¼nk kell, Ã­gy kÃ©rnÃ©nk Benneteket:</p> <p>â€¢ a teljes Ã©s pontos nevetekkel iratkozzatok fel<br/>â€¢ legfeljebb december 11. 12:00-ig<br/>â€¢ legyen NÃ¡latok fÃ©nykÃ©pes igazolvÃ¡ny Ã©s kÃ©szÃ­tsÃ©tek is elÅ‘, hogy fennakadÃ¡s mentes legyen a bejutÃ¡s.</p> ",public,,80,,,,25626669,"Accenture (VÃ¡ci Greens, building B, 3rd floor)",0,0,FALSE,Bence u. 1.,Budapest,hu,Hungary,,,1485298222e3,R-Ladies Budapest,22066895,open,47.5099983215332,19.079999923706055,R-Ladies-Budapest,Members,"Budapest, Hungary",en_US
1510539674e3,7200000,245064725,R in the world of Education,upcoming,15131214e5,2017-12-12,18:30,1510539762e3,-18000000,0,49,https://www.meetup.com/rladies-newyork/events/245064725/,"<p>We are very excited to announce our last meetup of the year with Erin Grand.</p> <p>Her Talk:Â Many schools across the country are starting to use data to help improve student outcomes. In this talk,Â ErinÂ will discuss what kind of data she gets to dive into and some of the challenges each project faces. She'll talk about ways to clean messy data, how using R has helped speed up everything, and the amazing janitor package.</p> <p>Her Bio: Â ErinÂ joined Uncommon Schools as an Associate Director of Data Analytics in the summer of 2016. Prior to Uncommon, she worked as a DataÂ Scientist at Crisis Text Line and a software programmer at NASA. She recently completed her mastersÂ in Data Science at Columbia University. In the past,Â ErinÂ researched star formation and taught introductory courses in astronomy and physics. In her free time,Â ErinÂ enjoys reading, dancing and singing loudly to musical theatre.</p> <p>Agenda:Â </p> <p>6:30-6:45pm Light networking</p> <p>6:45-7:00pm R-Ladies New York Announcements</p> <p>7:00-7:45pm R in the world of Education by Erin Grand with Q&amp;A</p> <p>7:45-8:30pm End of year celebration/networking for R-ladies NewYork.</p> <p>We want to thank our very generous host,Â AT&amp;T NYC Data Science Research Center(<a href=""http://stats.research.att.com/"">stats.research.att.com</a>) for having us in their space.Â </p> ",public,,,,,PT24H,25608394,AT&T NYC Data Science Research Center,40.71659469604492,-74.00605010986328,FALSE,"33 Thomas Street  New York, NY 10007",New York,us,USA,"",NY,147198606e4,R-Ladies New York,20346526,open,40.75,-73.98999786376953,rladies-newyork,Rladies,"New York, NY",en_US
1509631378e3,7200000,244750974,End of the Year Potluck with PyLadies RDU,upcoming,1513206e6,2017-12-13,18:00,1510451745e3,-18000000,0,13,https://www.meetup.com/R-Ladies-RTP/events/244750974/,"<p>The end of the year is a great time to relax, reflect and reequip. Please join R-Ladies RTP and PyLadies RDU for a potluck social including:</p> <p>1) Career Advice: Led by a member of PyLadies RDU.<br/>2) Speed Mentoring: We will use the format for PyLadies Boston<br/>3) Plenty of time to eat, drink and get to know each other.</p> <p>Please let us know what you plan on bringing to the potluck by signing up here: <a href=""http://signup.com/go/sZimTwh""><a href=""http://signup.com/go/sZimTwh"" class=""linkified"">http://signup.com/go/sZimTwh</a></a></p> <p><br/>This is a great time to reconnect with R-Ladies and meet PyLadies!</p> <p>All events are intended for women as leaders, mentors, members, and attendees. We are emphatically queer and trans friendly. Men are welcomed to attend as guests. This group was created so those who identify as women have a comfortable place to learn. If you would like to attend and feel excluded, please introduce yourself to an organizer.</p> ",public,,,,,,25588409, Genesys,35.87411117553711,-78.84259796142578,FALSE,"4307 Emperor Blvd, Suite #300",Durham,us,USA,"",NC,1471270976e3,R-Ladies RTP,20317472,open,36,-78.9000015258789,R-Ladies-RTP,Members,"Durham, NC",en_US
1501810182e3,,242269579,"R for Data Science Workshop: Programming -- Functions, Vectors, and Iteration",upcoming,15132114e5,2017-12-13,18:30,1509471545e3,-21600000,0,16,https://www.meetup.com/rladies-austin/events/242269579/,<p>This is the fourth meetup in a series of six workshops to work through the book R for Data Science by Hadley Wickham and Garrett Grolemund. Please bring a laptop with R Studio and R loaded up. (Let us know if you have questions or need help getting that set up.)</p> <p>We'll be covering these chapters:<br/>+ Pipes with magrittr<br/>+ Functions<br/>+ Vectors<br/>+ Iteration with purrr</p> <p>Agenda<br/>+ 6:30 - 7pm : Dinner and Networking<br/>+ 7 - 8:30pm : Workshop</p> ,public,,,0,,,24123697,Yodle,30.395368576049805,-97.67219543457031,FALSE,12234 N Interstate 35 Frontage Rd #100 Bldg B,Austin,us,USA,"",TX,1485879617e3,R-Ladies Austin,22180445,open,30.219999313354492,-97.75,rladies-austin,Members,"Austin, TX",en_US
1511001724e3,,245207806,End of the year Orga meeting,upcoming,15132726e5,2017-12-14,18:30,1511252695e3,3600000,0,7,https://www.meetup.com/rladies-berlin/events/245207806/,"<p>Dear R-Ladies and friends,</p> <p>In good coding tradition, let's evaluate what we did so far and plan our next steps. We will meet on December the 14th and have a nice evening at a restaurant. Everybody who wants to join planning the next Meetups is welcome!</p> <p>See you</p> <p>Christin, Noa, Ulrike and Hanna</p> <p>


Note: I changed the beginning to 18:30, as reservations at the Umami are only for 18:30, Hanna</p> ",public,,,,,,21943722,Umami,52.53464889526367,13.419710159301758,FALSE,KnaackstraÃŸe 16-18,10405 Berlin,de,Germany,,,1477914332e3,R-Ladies Berlin,20977178,open,52.52000045776367,13.380000114440918,rladies-berlin,R-Ladies,"Berlin, Germany",en_US
1511186423e3,7200000,245252807,Book Club,upcoming,15136416e5,2017-12-18,19:00,1511186423e3,-18000000,0,6,https://www.meetup.com/R-Ladies-RTP/events/245252807/,"<p>â€¢ What we'll do<br/>Join us as we work through the third section of R for Data Science (<a href=""http://r4ds.had.co.nz/program-intro.html"" class=""linkified"">http://r4ds.had.co.nz/program-intro.html</a>) in small groups. This is a great way for both new and experienced users to become more familiar with R.</p> <p>We'll take a couple weeks off for the holidays and continue with Book Club in early 2018!</p> <p>All events are intended for women as leaders, mentors, members, and attendees. We are emphatically queer and trans friendly. Men are welcomed to attend as guests. This group was created so those who identify as women have a comfortable place to learn. If you would like to attend and feel excluded, please introduce yourself to an organizer.</p> <p>â€¢ What to bring<br/>Please bring your own laptop.</p> ",public,Turn right when you first walk in and you will find us sitting near the circular tables designated for quiet group discussion.,,,,,6300922,Durham Public Library - South Regional Branch,35.9023323059082,-78.88829803466797,FALSE,4505 S. Alston Ave,Durham,us,USA,27713,NC,1471270976e3,R-Ladies RTP,20317472,open,36,-78.9000015258789,R-Ladies-RTP,Members,"Durham, NC",en_US
1511854671e3,,245460382,Data Christmas 2017,upcoming,15137064e5,2017-12-19,19:00,1511854937e3,3600000,0,21,https://www.meetup.com/R-Ladies-Budapest/events/245460382/,"<p>Decemberben kivÃ©telesen kÃ©t esemÃ©nyÃ¼nk lesz, ugyanis csatlakozunk az adatos meetup-ok karÃ¡csonyi rendezvÃ©nyÃ©hez is.</p> <p>Join us for for the last meetup of the year, where we look back at the most significant and interesting events of 2017.</p> <p>This meetup is jointly organized by the data meetups in Budapest. Current participants (in alphabetical order): <a href=""https://www.meetup.com/Budapest-BI-Meetup/events/245459960/"">BI Meetup</a>, <a href=""https://www.meetup.com/Big-Data-Meetup-Budapest/events/245444973/"">Big Data Meetup</a>, Data Science Meetup, <a href=""https://www.meetup.com/PyData-Budapest/events/245460002/"">PyData meetup</a>, <a href=""https://www.meetup.com/Budapest-Users-of-R-Network/events/245454475/"">R meetup</a>, <a href=""https://www.meetup.com/R-Ladies-Budapest/events/245460382/"">R-Ladies</a></p> <p>Talks: coming soon</p> <p>Schedule:<br/>18:30 Doors open, pizza<br/>19:00 Talks<br/>21:00 Afterparty!</p> <p>This is an English speaking event. Due to the parallelly organized, distributed nature of the meetup, RSVPs will be closed when to combined number of RSVPs from all participating meetups hits the limit.</p> ",public,,,0,,,18100882,Prezi House of Ideas,47.50572967529297,19.056779861450195,FALSE,"Nagymezo 54-56,",Budapest,hu,Hungary,,,1485298222e3,R-Ladies Budapest,22066895,open,47.5099983215332,19.079999923706055,R-Ladies-Budapest,Members,"Budapest, Hungary",en_US
1509671425e3,,244770763,Meetup Mixup Melbourne [$8.80],upcoming,15138396e5,2017-12-21,18:00,1509671473e3,39600000,0,1,https://www.meetup.com/R-Ladies-Melbourne/events/244770763/,"<p>We invite our members to attend to Melbourne's combined end of year mixer: Meetup Mixup Melbourne! It's a fantastic opportunity to relax with a cold beverage and celebrate a year of meetups! You must register here: <a href=""https://melbourne.meetupmixup.com/"" class=""linkified"">https://melbourne.meetupmixup.com/</a></p> ",public,,,0,,,24226075,Loop Project Space & Bar,-37.812076568603516,144.97207641601562,FALSE,23 Meyers Place,Melbourne,au,Australia,,,1472776317e3,R-Ladies Melbourne,20378903,open,-37.810001373291016,144.9600067138672,R-Ladies-Melbourne,Members,"Melbourne, Australia",en_US
1510091184e3,7200000,244909485,"New year, new R meetup!",upcoming,15156252e5,2018-01-10,18:00,1510091184e3,-18000000,0,11,https://www.meetup.com/rladies-philly/events/244909485/,"<p>Ring in the new year with a resolution to use R more!</p> <p>Who are we? We are a few women in Philadelphia who use R and wanted to have a friendly community to extend our R skills and network with other women R users. We learned about the international R-Ladies community and decided to try it in our city.</p> <p>Anyone with an interest in R is welcome. You can be an R expert or novice.</p> <p>When? This January will be the first meeting. We plan to have an informal mixer to introduce ourselves and find out what topics are of the most interest for future meetings. After this first meeting, we hope to start a monthly schedule of interactive workshops led by volunteers. If you have anything you want to share, a problem you are working on, or an idea for a collaborative project, we want to hear about it!</p> <p>If you are completely new to R, bring your computer, and we can walk you through setting up R and RStudio or answer any setup questions you have been working through.</p> <p>Where? We are being hosted at MakeOffices in center city. There will be snacks (details TBD)</p> ",public,,50,,,,25434194,MakeOffices,39.95413589477539,-75.173553466796875,FALSE,2001 Market Street #2500,Philadelphia,us,USA,"",PA,1507729015e3,R-Ladies Philly,26229746,open,40.119998931884766,-75.01000213623047,rladies-philly,R-Ladies,"Philadelphia, PA",en_US
1510864575e3,3600000,245167843,Intro R Workshop,upcoming,15163128e5,2018-01-18,15:00,1510864613e3,-25200000,0,18,https://www.meetup.com/rladies-tucson-az/events/245167843/,<p><b>The main goal of this workshop is to develop the following skills: </b></p> <p>â€¢ R Basics</p> <p><br/>â€“ Installing packages</p> <p>â€“ Using libraries</p> <p>â€“ Defining your working directory</p> <p>â€“ Checking your working space</p> <p>â€¢ Coding literacy</p> <p><br/>â€“ Reading code</p> <p>â€“ Reading error messages</p> <p>â€“ Writing readable code</p> <p>Â â€¢ Importing Data into R</p> <p>â€“ Importing Excel spreadsheets into RÂ </p> <p>â€“ Dealing with different data types</p> <p>â€“ Summarizing your data</p> <p>â€“ Creating crosstabs</p> ,public,iSpace - Room 202 of the Science-Engineering Library (UA campus),,,,,25616411,iSpace - Room 202 of the Science-Engineering Library (UA campus),32.22895431518555,-110.95101928710938,FALSE,"744 N Highland Ave, Tucson, AZ 85719",Tucson,us,USA,"",AZ,1510685121e3,R-Ladies Tucson AZ,26598934,open,32.220001220703125,-110.97000122070312,rladies-tucson-az,Members,"Tucson, AZ",en_US
1509545922e3,,244717019,Save the Date,upcoming,15163164e5,2018-01-18,18:00,1509545922e3,-18000000,0,1,https://www.meetup.com/rladies-charlottesville/events/244717019/,<p>More information to come!</p> ,public,,,0,,,,,,,,,,,,,,1506014722e3,R-Ladies Charlottesville,26004745,open,38,-78.45999908447266,rladies-charlottesville,Members,"Charlottesville, VA",en_US
1511877091e3,7200000,245465157,R Ladies book club: Everybody Lies,upcoming,15164784e5,2018-01-20,15:00,1511877113e3,-18000000,0,15,https://www.meetup.com/rladies-newyork/events/245465157/,"<p>Thanks to everyone who took the recent poll regarding our next book club topic! There were equal votes for a technical book and a less technical non-fiction, but with a number of write-ins specifically for Everybody Lies, it was the winner for January. We'll read a more technical book for the April meeting.</p> <p>At this book club we'll be discussing Everybody Lies: Big Data, New Data, and What the Internet Can Tell Us About Who We Really Are by Seth Stephens-Davidowitz. Please support our host and local bookstore by ordering the book with the link below (ignore the note that says ""Available for Back-Order):<br/><a href=""https://www.rizzolibookstore.com/everybody-lies-big-data-new-data-and-what-internet-can-tell-us-about-who-we-really-are-0"" class=""linkified"">https://www.rizzolibookstore.com/everybody-lies-big-data-new-data-and-what-internet-can-tell-us-about-who-we-really-are-0</a></p> <p>You are invited to join the R Ladies NYC book club group on Goodreads: <a href=""https://www.goodreads.com/group/show/225365-r-ladies-nyc"" class=""linkified"">https://www.goodreads.com/group/show/225365-r-ladies-nyc</a> . Use the Goodreads page or the rladiesbookclub channel on slack to suggest books for future meetings.</p> ",public,Head straight to the back of this lovely bookstore to find our group.,,,,,25038699,Rizzoli Bookstore,40.7400016784668,-73.98999786376953,FALSE,1133 Broadway (Broadway & 26th) ,New York ,us,USA,10010,NY,147198606e4,R-Ladies New York,20346526,open,40.75,-73.98999786376953,rladies-newyork,Rladies,"New York, NY",en_US
1501810292e3,,242269602,"R for Data Science Workshop: Modeling with modelr, purrr, and broom",upcoming,15168402e5,2018-01-24,18:30,1501810292e3,-21600000,0,12,https://www.meetup.com/rladies-austin/events/242269602/,<p>This is the 5th meetup in a series of six workshops to work through the book R for Data Science by Hadley Wickham and Garrett Grolemund. Please bring a laptop with R Studio and R loaded up. (Let us know if you have questions or need help getting that set up.)</p> <p>We'll be covering these chapters:<br/>+ Model Basics with modelr<br/>+ Model Building<br/>+ Many Models with purrr and broom</p> <p>Agenda<br/>+ 6:30 - 7pm : Dinner and Networking<br/>+ 7 - 8:30pm : Workshop</p> ,public,,,0,,,,,,,,,,,,,,1485879617e3,R-Ladies Austin,22180445,open,30.219999313354492,-97.75,rladies-austin,Members,"Austin, TX",en_US
1507561615e3,,244054651,Analyse sentimentale de tweet + Introduction au web scraping avec rvest,upcoming,15168168e5,2018-01-24,19:00,151090666e4,3600000,0,14,https://www.meetup.com/rladies-paris/events/244054651/,"<p><img src=""http://www.groupe-estia.fr/wp-content/uploads/2017/01/logo-estia-retina.png"" /></p> <p><br/>Ce meetup sera en franÃ§ais.</p> <p><br/>La planification est actuellement en cours. Lieu &amp; Date Ã  confirmer.Â </p> <p>Nous vous tiendrons au courant.</p> ",public,,50,,,,25615628,Groupe Estia,48.879859924316406,2.284467935562134,FALSE,"58 Boulevard Gouvion-Saint-Cyr, 75017",Paris,fr,France,,,1474299591e3,R-Ladies Paris,20443056,open,48.86000061035156,2.3399999141693115,rladies-paris,Members,"Paris, France",en_US
1510339979e3,7200000,245002622,Get to know the R-Ladies: Lightening Talks!,upcoming,15173496e5,2018-01-30,17:00,1510509162e3,-18000000,0,2,https://www.meetup.com/rladies-ldnont/events/245002622/,"<p>Come join the R-Ladies in our first ""Lightening Talks"" event. In this fun, informal setting, participants have approximately 3 to 5 minutes to speak about their research, work, or a puzzle they're trying to solve - anything goes as long as it involves R! Prepare a brief presentation and a visual or two (slide, code snippets, graph, etc). Come share your work, learn what your peers are up to, and exchange ideas! If you would like to present, fill out our <a href=""https://docs.google.com/forms/d/e/1FAIpQLSfyGa47Vm_cz385ZfunVk_ZqwqG9umr6J4WCoNgsge8MsmwzQ/viewform?c=0&amp;w=1"">questionnaire </a>before December 23, if you would like to attend please RSVP at our MeetUp page by January 23. Thanks!</p> ",public,,,,,,19794792,London Public Library,42.98440170288086,-81.24620056152344,FALSE,251 Dundas St. ,London,ca,Canada,"",ON,1484658259e3,"R-Ladies London, Ontario",21965959,open,43.0099983215332,-81.18000030517578,rladies-ldnont,Members,"London, ON",en_US
1510667151e3,7200000,245104372,Lightening Talks,upcoming,15173496e5,2018-01-30,17:00,1510669034e3,-18000000,0,3,https://www.meetup.com/rladies-ldnont/events/245104372/,"<p>Come join the R-Ladies in our first ever <i><b>Lightening Talks</b></i> event. In this fun, informal setting, participants have approximately 3 to 5 minutes to speak about their research, work, or a puzzle they're trying to solve - anything goes! <i>R-related presentations are a bonus but not necessary!</i> Our goal is to 1) provide a space to learn about the others in our community and 2) exchange ideas about methodologies, interests, and the tools we all are using.</p> <p><b>IMPORTANT: </b></p> <p>In addition to RSVPing on our MeetUp page, please ALSO <a href=""https://goo.gl/forms/LeoSGYLzdgrXthks2"">complete this form</a> by <b>December 23</b> to help us with scheduling and to let us know important pieces of information.</p> <p>This is <i>not</i> meant to be a high-stakes presentation event - just a chance to share our projects with each other and learn a little about the questions each of us are asking in our own work and the tools we're using to answer them. As usual, we will head out for food and drinks following the event (drinks and apps for presenters are on us!)</p> <p>-----------------------------------------------------------------------------------------------------------------------------------------------</p> <p><i><b>NB: </b>Please note that, in keeping with the global R-Ladies mission, R-Ladies London, Ontario will prioritize female leadership and participation. All interested people (regardless of gender) are welcome to RSVP to our events. However, in the event that we receive a greater amount of presenter interest than we feel is manageable for the space/time, we will prioritize female presenters.</i></p> ",public,We will be in the lobby on the first floor of the library (downtown branch),,,,PT168H,19794792,London Public Library,42.98440170288086,-81.24620056152344,FALSE,251 Dundas St. ,London,ca,Canada,"",ON,1484658259e3,"R-Ladies London, Ontario",21965959,open,43.0099983215332,-81.18000030517578,rladies-ldnont,Members,"London, ON",en_US
1510279496e3,,244982738,Book Club: Weapons of Math Destruction,upcoming,1517445e6,2018-01-31,18:30,1510279675e3,-21600000,0,11,https://www.meetup.com/rladies-austin/events/244982738/,"<p><img src=""https://secure.meetupstatic.com/photos/event/3/2/6/d/600_466032909.jpeg"" /></p> <p>


For our second book club book, we'll be reading Cathy O'Neil's 'Weapons of Math Destruction'! Here's a quick review:</p> <p>â€œOâ€™Neilâ€™s book offers a frightening look at how algorithms are increasingly regulating peopleâ€¦ Her knowledge of the power and risks of mathematical models, coupled with a gift for analogy, makes her one of the most valuable observers of the continuing weaponization of big dataâ€¦ [She] does a masterly job explaining the pervasiveness and risks of the algorithms that regulate our lives.â€<br/>â€”New York Times Book Review</p> <p>This book is available <a href=""https://www.amazon.com/dp/B019B6VCLO/ref=dp-kindle-redirect?_encoding=UTF8&amp;btkr=1"">on Amazon</a> or from local booksellers like <a href=""http://www.bookpeople.com/book/9780553418835"">Book People</a>.Â </p> <p>Agenda: We'll meet at Thunderbird Coffee on Koenig at 6:30, where we'll discuss the book and discussion questions over beverages (they have beer and coffee/tea drinks). Looking forward to seeing you all!</p> ",public,,,0,,,24346740,Thunderbird Coffee,30.33079719543457,-97.73198699951172,FALSE,1401 Koenig Ln. ,Austin,us,USA,"",TX,1485879617e3,R-Ladies Austin,22180445,open,30.219999313354492,-97.75,rladies-austin,Members,"Austin, TX",en_US
1501810466e3,,242269635,R for Data Science Workshop: Communicating Results with rmarkdown and ggplot2,upcoming,15192594e5,2018-02-21,18:30,1501810466e3,-21600000,0,6,https://www.meetup.com/rladies-austin/events/242269635/,<p>This is the 6th and final meetup in a series of six workshops to work through the book R for Data Science by Hadley Wickham and Garrett Grolemund. Please bring a laptop with R Studio and R loaded up. (Let us know if you have questions or need help getting that set up.)</p> <p>We'll be covering these chapters:<br/>+ R Markdown<br/>+ Graphics for Communication with ggplot2<br/>+ R Markdown Formats<br/>+ R Markdown Workflow</p> <p>Agenda<br/>+ 6:30 - 7pm : Dinner and Networking<br/>+ 7 - 8:30pm : Workshop</p> ,public,,,0,,,,,,,,,,,,,,1485879617e3,R-Ladies Austin,22180445,open,30.219999313354492,-97.75,rladies-austin,Members,"Austin, TX",en_US
1479050131e3,,235551657,[Selected Series] Talk Title (template),upcoming,15220638e5,2018-03-26,19:30,1479050593e3,28800000,0,1,https://www.meetup.com/R-Ladies-Taipei/events/235551657/,"<p><b>1. Agenda</b></p> <p><br/>â€¢Â 19:30-20:30 ä¸»è­°ç¨‹: talk_1 @speaker_1</p> <p>â€¢Â 20:30-20:50 é–ƒé›»ç§€: talk_2Â @speaker_2</p> <p>â€¢Â 20:50 - Â  è‡ªç”±äº¤æµæ™‚é–“</p> <p>


<b>2. Talk Information</b></p> <p>â€¢ talk_1<br/>intro here</p> <p>

â€¢Â talk_2<br/>intro here</p> <p>


<b>3. Speaker Information</b></p> <p>â€¢ speaker_1<br/>bio here</p> <p>â€¢Â speaker_2<br/>bio here</p> <p>

<b>4. Host information</b></p> <p>â€¢ Host<br/>bio here</p> ",public,,,,,,,,,,,,,,,,,1477246235e3,R-Ladies Taipei,20871369,open,25.020000457763672,121.44999694824219,R-Ladies-Taipei,Members,"Taipei, Taiwan",en_US
