created,duration,id,name,status,time,local_date,local_time,updated,utc_offset,waitlist_count,yes_rsvp_count,link,description,how_to_find_us,visibility,venue.id,venue.name,venue.lat,venue.lon,venue.repinned,venue.address_1,venue.city,venue.country,venue.localized_country_name,group.created,group.name,group.id,group.join_mode,group.lat,group.lon,group.urlname,group.who,group.localized_location,group.region,photo_album.photo_sample,rsvp_close_offset,rsvp_limit,manual_attendance_count,venue.zip,venue.state,rsvp_open_offset
145429167e4,10800000,228513084,Launch Event! R-Ladies Coding Club Meetup (London),past,14571162e5,2016-03-04,18:30,1457257935e3,0,0,118,https://www.meetup.com/rladies-london/events/228513084/,"<p><b>Join us for the</b> <b>launch of London's first R community for Women!!</b> </p> <p>This is an open forum evening, with short intro to R, informal discussion, sharing ideas &amp; experiences, networking &amp; pizza!!</p> <p><br/>Know other women interested in R? Bring them along as your guests :)</p> <p><b>Looking forward to meeting you and developing a new coding community!!<br/></b></p> <p>----------------------------------------------------------------------- </p> <p><br/><b>Schedule:</b></p> <p>• 6:00pm: doors open</p> <p>• 6:30pm: snacks &amp; drinks &amp; networking</p> <p>• 7:00pm-8:00pm: Intro to Meetup/R &amp; informal discussion</p> <p>• 8:00pm onwards: pizza &amp; drinks &amp; networking</p> <p>-----------------------------------------------------------------------</p> <p><br/><b>UPDATE 8.2.16</b>: following fantastic response to this event I've secured <b>a larger venue</b> (thanks Google!) to accommodate everyone more comfortably :) The date has necessarily had to shift to the <b>Friday</b> of the original week, but what better way to relax than with a drink, fresh pizza and R chat!! </p> <p><img src=""http://photos4.meetupstatic.com/photos/event/8/1/5/c/600_446913116.jpeg"" /></p> ",Ground Floor,public,6858902,Google Campus,51.52272415161133,-0.08481699973344803,FALSE,4-5 BONHILL STREET LONDON EC2A 4BX,London,gb,United Kingdom,1454258193e3,R-Ladies London,19474893,approval,51.52000045776367,-0.10000000149011612,rladies-london,R-Ladies,"London, United Kingdom",en_US,,,,,,,
1473278546e3,9000000,233948651,Tanışma Toplantısı / Launch Meetup,past,1475316e6,2016-10-01,13:00,1475327656e3,10800000,0,26,https://www.meetup.com/rladies-istanbul/events/233948651/,"<p>Istanbul’un KADINLAR için yapılan ilk R etkinliğinde bize katılın! </p> <p>R programı hakkında bilgi sahibi olup, fikirleri ve tecrübeleri paylaşmak, yeni insanlarla tanışmak için güzel bir fırsat!</p> <p>Genel programı tanıtmak hem de önümüzdeki toplantılarda ne yapacağımızı konuşmak/tartışmak adına sizleri bekliyoruz.</p> <p>Kahve ve kurabiyelerimiz de var  :D</p> <p>Lütfen gelmeden önce Topluluk Politikası ve Davranış İlkerini okuyunuz. </p> <p>NOT: Kısıtlı yerimiz olduğu için KADIN katılımcılar haricindekilerin, bir arkadaşlarının referansı ile gelmeleri veya öyle bir imkan yoksa gelmek istediklerine dair bir mail atmaları bizim için uygun olacaktır.</p> <p>Görüşmek üzere! </p> <p><br/>Program:</p> <p>13.00  Tanışma</p> <p>13.30  Atıştırmalar, kaynaşmalar</p> <p>14.00 - 15.00 R hakkında kısa bir giriş &amp; Sorular - Cevaplar</p> <p>15.00  Atıştırmalar, kaynaşmalar</p> <p>Twitter'dan @RLadiesIstanbul hesabını takip edebilirsiniz.</p> <p>Email adresimiz: rladiesist@gmail.com</p> ",Twitter: @RLadiesIstanbul,public,24773504,Brokoli Labs,0,0,FALSE,"Kosuyolu mahallesi, Cenab Sehabettin sokak, no: 34, Kadıköy",Istanbul,tr,Turkey,1473166132e3,R-Ladies Istanbul,20394109,open,41.0099983215332,28.959999084472656,rladies-istanbul,R-Ladies,"Istanbul, Turkey",en_US,,PT70H,,,,,
1349284664e3,7200000,85320382,Introduction to R (beginners and pre-beginners),past,13517316e5,2012-10-31,18:00,1351998482e3,-25200000,0,15,https://www.meetup.com/rladies-san-francisco/events/85320382/,"<p>Hello R-ladies!</p> <p>The first meetup will take place on October 31st at the Google office in San Francisco.</p> <p>For this first meetup, we'll do an introduction to R. We'll go over the following topics:</p> <p>installing R setting up an R environment (RStudio) basic commands (open files, simple dataset manipulation, simple plots, etc) loading packages the help function and how to read its output  </p> <p>All you need is your laptop and charger.</p> <p> </p> <p>We look forward to seeing you!</p> ",,public,7927512,Google San Francisco ,37.78976058959961,-122.39017486572266,FALSE,"4th floor, 345 Spear Street",San Francisco,us,USA,1349108901e3,R-Ladies San Francisco,5190472,open,37.790000915527344,-122.4000015258789,rladies-san-francisco,R-Ladies,"San Francisco, CA",en_US,,PT5H,15,8,94105,CA,
1475802003e3,5400000,234683544,Launch Meetup: The Role of R and Data Visualisation in Understanding Our World,past,14767758e5,2016-10-18,18:30,1477223639e3,39600000,0,90,https://www.meetup.com/R-Ladies-Melbourne/events/234683544/,"<p>Hi everyone,</p> <p>Our very first meetup will be held on Tuesday, October 18th at 6:30 pm! Everyone with interest in the R language and supports diversity in the field is welcome!</p> <p>We value your inputs, so please participate in <a href=""https://goo.gl/forms/djEYUwhSQabSe3fv2"">profiling survey</a> . This survey is completely anonymous and won't take a minute!</p> <p>On the day of launch meeting, we will present you about global R-Ladies groups and show you some statistics which triggered us to create R-Ladies Melbourne. Afterward, we will be hosting an awesome speaker; details are below! </p> <p>Lastly, we'll socialize while having pizzas sponsored by <a href=""https://www.meetup.com/Data-Science-Melbourne/"">DSM</a>, drinks sponsored by <a href=""https://www.zendesk.com/"">Zendesk</a> and cakes sponsored by <a href=""http://bakesbyjean.com/cakes-1"">Bakes by Jean</a>. </p> <p>We'd like to know more about you! You are more than welcome to prepare 1 min slide to introduce yourself to the community.  Please email me your slide by 14th of October if you are interested. </p> <p><br/>We are profoundly proud to announce that our first speaker will be Di Cook from Monash University.  Here are the details of her talk.</p> <p><b>Frugal Guide to Quantitative Citizenship: The Role of R and Data Visualisation in Understanding Our World.</b></p> <p>In this technological age, we are drowning in data. Good data visualisation helps us to swim, digest the data, and learn about our world. The statistics community creates visualisation systems within the context of data analysis, so the graphics are designed to support and enrich the statistical processes of data exploration, modeling, and inference. With open data and open source software, the world is your oyster. </p> <p>Di Cook is Professor of Business Analytics in the Department of Econometrics and Business Statistics at Monash University. She is a Fellow of the American Statistical Association. Her research is in data visualisation, exploratory data analysis, multivariate methods, data mining and statistical computing. She is currently working on bridging the gap between statistical inference and exploratory graphics, using crowd-sourcing experiments with Amazon's Mechanical Turk, and examining the reading of data plots using eye-tracking equipment. She is actively involved in developing open source software including xgobi, ggobi, and several R packages, nullabor, tourr, ggbio and ggenealogy. Professor Cook received a BSc majoring in Mathematics, Statistics and Biochemistry, from the University of New England, Armidale, and a MS and PhD in Statistics from Rutgers University, NJ, USA.</p> <p>

We are so much looking forward to meeting you all amazing R-Ladies of Melbourne!</p> ",(Side Entrance),public,24729503,Zendesk Office,-37.8174934387207,144.96180725097656,TRUE,67 Queen Street,Melbourne,au,Australia,1472776317e3,R-Ladies Melbourne,20378903,open,-37.810001373291016,144.9600067138672,R-Ladies-Melbourne,Members,"Melbourne, Australia",en_US,,,,,,,
1478190428e3,,235327218,Inaugural Meeting,past,147942e7,2016-11-17,17:00,1479478973e3,-18000000,0,17,https://www.meetup.com/RLadies-Columbus/events/235327218/,"<p>We are excited to launch our first meetup. Please join us to </p> <p>• hear more about R-Ladies, </p> <p>• be part of R-Ladies community</p> <p><br/>• share your own stories with R, </p> <p>• learn about R (from a woman who works for R Studio),</p> <p>• have some food and snacks,</p> <p><br/>• get some R stickers </p> <p>



We would greatly appreciate if you can fill out a (REALLY short) survey. <a href=""https://goo.gl/forms/KqRdA98iG6fpuqXu1""><a href=""https://goo.gl/forms/KqRdA98iG6fpuqXu1"" class=""linkified"">https://goo.gl/forms/KqRdA98iG6fpuqXu1</a></a> This will help us know more about you. </p> ",The closest guest parking is available Tuttle Park Pl https://www.osu.edu/map/building.php?building=088,public,24881881,"School of Physical Activity and Educational Services, Room #A143",39.82686233520508,-82.938262939453125,FALSE,305 W. Anne & John Glenn Avenue,Columbus,us,USA,1475608147e3,R-Ladies Columbus,20600376,open,40.0099983215332,-83.0199966430664,RLadies-Columbus,Members,"Columbus, OH",en_US,,PT24H,40,,"",OH,
1499814811e3,,241617679,Launching R-Ladies Chicago!,past,15004188e5,2017-07-18,18:00,1500503669e3,-18000000,0,74,https://www.meetup.com/rladies-chicago/events/241617679/,"<p>We're excited to announce the launch of R-Ladies Chicago, part of a global initiative to promote gender diversity in the R community. Our goal is to make R more popular and accessible especially among women. Anyone with an interest in R is welcome. You can be an R expert or novice. We will promote R, exchange ideas and knowledge and create a friendly network among women who use R in Chicago.</p> <p>Tentative schedule:</p> <p>6-6:30: Refreshments &amp; getting to know each other</p> <p>6:30-7: Lightning talks (let Angela know if you want to speak!)</p> <p>7-7:30: TBD, maybe a beginners R workshop if interest</p> <p>Follow us on <a href=""https://twitter.com/RLadiesChicago"">Twitter</a> for updates!</p> ","We'll be in Room 240a, on the second floor. The building's locked after 5pm so someone will be downstairs to let folks in.",public,25359726,The University of Chicago Computation Institute,41.790565490722656,-87.60096740722656,FALSE,5735 South Ellis Avenue,Chicago,US,USA,1499286643e3,R-Ladies Chicago,24848073,open,41.880001068115234,-87.62000274658203,rladies-chicago,R-Ladies,"Chicago, IL",en_US,,,,,,,
1480538197e3,,235938730,Inaugural Meetup of R-Ladies Dublin,past,14853708e5,2017-01-25,19:00,1485383136e3,0,0,25,https://www.meetup.com/R-Ladies-Dublin/events/235938730/,"<p>See you at our first Meetup this Wednesday.</p> <p><br/>Firstly, we would like to get to know each other and set plans for the year, so it would be great if all of you could join and share your ideas. Please arrive at 7pm.</p> <p>7:15 Jo Niec will present the history and mission of R-Ladies as well as the plans for R-Ladies Dublin.</p> <p>7:30 Sonya Abbas (Data Scientist at AdaptiveMobile) will give you a 'Tour of R' </p> <p>Please RSVP and fill in this form as soon as you can to help us tailor the content of the introductory presentation: <a href=""https://goo.gl/forms/TvZGKQiesvJMh1gB2""><a href=""https://goo.gl/forms/TvZGKQiesvJMh1gB2"" class=""linkified"">https://goo.gl/forms/TvZGKQiesvJMh1gB2</a></a></p> <p><br/>We are looking forward to seeing you all there!</p> <p>



Big thanks to our host Zalando for providing state-of-the-art venue and refreshments.</p> ",,public,24718406,Zalando Ltd.,53.341251373291016,-6.239664077758789,TRUE,"3 Grand Canal Quay, Dublin, Irland",Dublin,ie,Ireland,147899282e4,R-Ladies Dublin,21149852,open,53.33000183105469,-6.25,R-Ladies-Dublin,Members,"Dublin, Ireland",en_US,,,,,,,
1505167324e3,10800000,243287423,Primera reunión de R-Ladies Santiago,past,15060276e5,2017-09-21,18:00,1506305356e3,-10800000,0,38,https://www.meetup.com/rladies-scl/events/243287423/,"<p>¡Ya tenemos fecha de inicio!<br/>Las invitamos a la reunión de lanzamiento de R-Ladies Santiago.<br/>El objetivo de este primer meetup es conocernos y contarles en qué consiste esta iniciativa. Además, haremos una breve introducción a R para aquellas que están recién conociéndolo y tres usuaRias nos contarán sobre los usos de R en sus áreas: análisis de datos geográficos, análisis de textos y Data Science.<br/>Si aún no utilizas R o recién estás empezando, esta es una muy buena ocasión para conocer más sobre este lenguaje de programación. Si eres una usuaRia avanzada, esta puede ser una oportunidad para contar tu experiencia y compartir con otras tu conocimiento.</p> <p><br/>Las presentaciones estarán a cargo de Gabriela Sandoval, Inés Varas, Roxana Trujillo, Stefanni Cavaletto y Riva Quiroga.</p> <p><br/>RSVP<br/>¡Las esperamos!</p> ",sala Chaca (piso -1),public,25410995,Entel Parque Titanium,-33.412696838378906,-70.60589599609375,FALSE,Costanera Sur 2760,Santiago,cl,Chile,1500409431e3,R-Ladies Santiago,25039094,open,-33.459999084472656,-70.63999938964844,rladies-scl,RLadies,"Santiago, Chile",en_US,,,40,,,,
1477251116e3,,235064329,¡Primer evento de R-Ladies Barcelona!,past,14797512e5,2016-11-21,19:00,1479825247e3,3600000,0,18,https://www.meetup.com/rladies-barcelona/events/235064329/,"<p>Estamos preparando el primer encuentro de #RLadiesBCN! Resérvate para el 21 de noviembre!</p> <p>Regístrate <a href=""https://www.eventbrite.es/e/entradas-primer-evento-de-r-ladies-barcelona-28790330654"">aquí</a> para conseguir tu invitación en Eventbrite. Todavía estamos definiendo el lugar, pero te iremos informando por email. Por ese motivo</p> <p><b>¿Qué veremos en el primer R-Ladies Barcelona?</b></p> <p>Estamos todavía definiendo los contenidos para el primer R-Ladies en Barcelona. A continuación tenéis una encuesta con la que podremos hacer: </p> <p><br/><a href=""https://t.co/sMRkaWqomH""><a href=""https://t.co/sMRkaWqomH"" class=""linkified"">https://t.co/sMRkaWqomH</a></a></p> <p>Si conocéis a otras mujeres interesadas en R que se apunten o vengan como invitadas vuestras :) </p> <p><br/>¡Qué ganas de veros allí!</p> ","Carrer del Dr. Aiguader, 88, 08003 Barcelona",public,,,,,,,,,,1477133796e3,R-Ladies Barcelona,20851840,open,41.400001525878906,2.1700000762939453,rladies-barcelona,R-Ladies,"Barcelona, Spain",en_US,,,,,,,PT360H
1489753732e3,7200000,238489452,Primera Reunión de R-Ladies Buenos Aires,past,14907348e5,2017-03-28,18:00,149106676e4,-10800000,0,24,https://www.meetup.com/rladies-buenos-aires/events/238489452/,"<p>Por fin llegó el gran día!</p> <p>Las invitamos a la reunión lanzamiento de R-Ladies Buenos Aires donde les vamos a contar más de qué se trata R-Ladies y sobre la magia que ocurre cuando nos ayudamos unas a otras.</p> <p>Estamos ansiosas por empezar a que las que aún no se animaron con R, conozcan todas las posibilidades que tiene y empiecen a animarse. Para las que ya están más avanzadas nos gustaría que nos traigan sus ideas para seguir armando entre todas esta comunidad.</p> <p>Las que tengan, traigan sus compus. También van a necesitar DNI para acceder al edificio.</p> <p>Queremos agradecerle a <a href=""http://jampp.com"">Jampp</a> por recibirnos en sus oficinas. <a href=""http://jampp.com"">Jampp</a> es una plataforma líder para la promoción y remarketing de aplicaciones móviles que combina data de comportamiento e inteligencia artificial con el objetivo de mejorar el revenue de un selecto grupo de advertisers globales. Con un equipo de 80 personas con experiencia diversa en áreas como la Ingeniería y la Economía, <a href=""http://jampp.com"">Jampp</a> combina datos de comportamiento con tecnología predictiva y optimiza los ingresos de los anunciantes en todo el mundo.</p> <p><br/>Por favor, contestá el RSVP! Nos vemos pronto!</p> ",,public,25127150,Jampp,-34.581459045410156,-58.4400520324707,FALSE,"Honduras 5952, 2do piso",Buenos Aires,ar,Argentina,1483482058e3,R-Ladies Buenos Aires,21760043,approval,-34.61000061035156,-58.369998931884766,rladies-buenos-aires,R Ladies,"Buenos Aires, Argentina",en_US,,PT24H,,,,,
1476892337e3,7200000,234968855,R-Ladies Nashville Kickoff!,past,14785614e5,2016-11-07,17:30,1478610982e3,-21600000,0,27,https://www.meetup.com/rladies-nashville/events/234968855/,"<p>Please join us for the R-Ladies Nashville Kickoff!</p> <p>We'll provide some light snacks and beverages; if you'd like to bring dinner, feel free!</p> <p>We'll meet in the VUMC Biostatistics large conference room, located on the 11th floor of the 2525 West End building (the building across from Centennial Park, with Barnes &amp; Noble and PF Chang's on the ground floor). Paid parking is available in the garage behind the building, or some of the shops downstairs will validate for paying customers, if you'd like to come early.</p> <p><b>Important:</b> Elevators require keycard access after 6pm. If you need to arrive after 6:00, please let us know; we'll notify the security desk and give you a phone number to contact so that someone can come escort you upstairs.</p> <p>Agenda:<br/>5:30-6:00: dinner/socializing<br/>6:00-6:30: Intro to R-Ladies + short demo of R Notebooks<br/>6:30-end: discussion and planning for R-Ladies Nashville future</p> <p><br/>We are so looking forward to seeing you all! If you have any questions, feel free to contact us via Meetup or nashville@rladies.org.</p> ","2525 West End Avenue, Suite 1100, Large Conference Room",public,24854918,VUMC Biostatistics Conference Room,36.14601135253906,-86.80931854248047,FALSE,"2525 West End Avenue, Suite 1100",Nashville,us,USA,1475090435e3,R-Ladies Nashville,20493986,open,36.16999816894531,-86.779998779296875,rladies-nashville,Members,"Nashville, TN",en_US,,,,,"",TN,
1499447244e3,,241402478,Kickoff event!,past,150057e7,2017-07-20,19:00,1500620687e3,7200000,0,12,https://www.meetup.com/R-Ladies-Milan/events/241402478/,"<p>Hello Rladies community!</p> <p>Here we are finally, are you ready?<br/>Our first kickoff event will be held on 20th of july in EY office; they will support us in organizing the event and location. Thank you EY!</p> <p><br/>Please be sure to fill out our survey, in order to know you and your expectations and to organize the events better <a href=""https://goo.gl/forms/aodpKEDX17ncV5sD2"" class=""linkified"">https://goo.gl/forms/aodpKEDX17ncV5sD2</a> Join us for this exciting meeting and we will focus on:</p> <p>1- Introduction of our group, its goal, its roadmap and presenting the results of survey<br/>2- Introduction to R and how to be a data scientist!<br/>3- Exchange ideas, expectations and brainstorming</p> <p><br/>All meetings will be in english and we are so excited to see you all there. Thanks and see you soon!</p> <p>


<i><b>We are always looking for sponsors &amp; speaks, please don't hesitate to contatc us!</b></i></p> ",,public,25373969,EY,45.46611022949219,9.18288803100586,FALSE,"Via Meravigli, 12/14",Milano,it,Italy,1498774567e3,R-Ladies Milan,24752511,open,45.459999084472656,9.1899995803833,R-Ladies-Milan,Members,"Milano, Italy",en_US,,PT24H,40,,,,
1475355002e3,,234556158,First RLadies meetup!,past,14765616e5,2016-10-15,13:00,1476597136e3,-25200000,0,21,https://www.meetup.com/rladies-la/events/234556158/,"<p>Hi Los Angeles R Ladies!</p> <p>We'll be having our first meeting on <b>October 15th</b> at<b> 1pm</b> on campus at UCLA. We'll do short presentations on examples of using R in STEM research and leave plenty of time for socializing. There will be snacks.</p> <p>We'll be in room 325 in the Botany building. If you enter from Charles E Young Drive South, 325 is the first room on the left (the entrance is on the third floor). We'll prop the door open, but if it happens to be locked, just send a message on meetup <a href=""http://www.meetup.com/rladies-la"">www.meetup.com/rladies-la</a> or a tweet to @RLadiesLA and we'll let you in.</p> <p><br/>Send me an email (katie@rladies.org) or a tweet if you'd like to give a short, no pressure presentation of your work. Hopefully we can get enough presenters to do 5 minute lightning talks :)</p> <p>Excited to meet all of you!!</p> <p>Katie</p> <p>PS - The closest visitor parking is parking structure 2 and it is $3 per hour. There is also street parking on Hilgard Ave and the surrounding neighborhood.  <a href=""https://main.transportation.ucla.edu/campus-parking/visitors/pay-station-rates-and-locations""><a href=""https://main.transportation.ucla.edu/campus-parking/visitors/pay-station-rates-and-locations"" class=""linkified"">https://main.transportation.ucla.edu/campus-parking/visitors/pay-station-rates-and-locations</a></a></p> ",,public,24820810,Botany Building Room 325,34.0667839050293,-118.44112396240234,FALSE,618 Charles E Young Dr S,Los Angeles,us,USA,1472857612e3,R-Ladies Los Angeles,20382018,open,34.06999969482422,-118.44999694824219,rladies-la,R Ladies,"Los Angeles, CA",en_US,,,,,"",CA,
1480528814e3,,235934219,fundamental concepts of R & reproducible R Markdown documents,past,14817348e5,2016-12-14,17:00,1481747596e3,0,0,15,https://www.meetup.com/R-Ladies-Manchester/events/235934219/,"<p><b>R-Ladies Manchester</b> is ready to announce our first event! </p> <p>R-Ladies Manchester is part of a global initiative, R-Ladies Global, designed to improve the gender diversity of R users worldwide and in particular, to improve the participation and experience of women in the R community. As part of the initiative, R-Ladies Manchester will host a number of talks and workshops about the use of R. It doesn't matter if you never used R or if you are an R expert, R-Ladies Manchester welcomes anyone with an interest in R. The goal is to promote R, exchange knowledge and create an R community among women. We are fully inclusive and respectful of LGBT identities - our priority is to provide a safe community space for anyone identifying as female who is interested in and/or working with R.</p> <p>We will begin our first workshop by reinforcing the foundations of your data analysis knowledge and R skills, and then move on to creating reproducible reports using R Markdown. The workshop starts with some warm-ups to get your brain in R-mode, and to make sure the basics are covered. Through a series of demonstrations and hands on exercises, you will learn some of the fundamental concepts of R: basic use of the R/RStudio console, inputting and importing different data types, record keeping, graphs etc. It concludes by showing how to create reproducible R Markdown documents. You might wish to bring your own laptop!  </p> <p>To gain an insight in the members’ competence and interest in R, we kindly ask you to answer our short <a href=""https://docs.google.com/forms/d/10yy1MouWOCpvrBdygFZZFwg8MoS4xwkLtPeXoGjuNw0/edit?c=0&amp;w=1"">survey</a> and to spread the word about our group.</p> <p>We are on Tweeter: @RLadiesManchest and on GitHab: RLadiesManchester</p> <p>We hope you will join us!</p> ","The University of Manchester, University Place room 2.218",public,24925805,The University of Manchester ,53.46696472167969,-2.233227014541626,FALSE,University Place room 2.218,Manchester,gb,United Kingdom,1480459381e3,R-Ladies Manchester,21314716,open,53.470001220703125,-2.2300000190734863,R-Ladies-Manchester,Members,"Manchester, United Kingdom",en_US,,,,,,,
1497564834e3,,240825530,R-Ladies Miami Launch Event,past,15012828e5,2017-07-28,19:00,1501356632e3,-14400000,0,38,https://www.meetup.com/R-Ladies-Miami/events/240825530/,"<p>Dear R-Ladies Miami members!</p> <p>We are glad to announce our Launch event! We hope you’ll be able to join us to meet other R-Ladies members, learn more about the this international network and share more about yourself and your R goals. Since it’ll be the first time many of us meet, we’d like to keep it casual and, together, define the course of the Meetups to come! No laptops are required as there will be no coding - this time. Do not forget to fill out our <b>member-survey</b>:</p> <p><a href=""https://goo.gl/forms/aQDNndKmkl5Kl6Jp2""><a href=""https://goo.gl/forms/aQDNndKmkl5Kl6Jp2"" class=""linkified"">https://goo.gl/forms/aQDNndKmkl5Kl6Jp2</a></a></p> <p><b>Tentative Agenda</b></p> <p>6:30PM: Networking // Food (Sponsored by <a href=""http://www.sherlocktalent.com/"">Sherlock Talent</a>)</p> <p>7:00PM: Introduction &amp; Community Open Dialogue</p> <p>• Intro</p> <p>• Ice breaker</p> <p>• Open Dialogue</p> <p>8:00PM:  Networking // Drinks (<a href=""https://www.yelp.com/biz/wynwood-brewing-company-miami"">Wynwood Brewing Company</a>)</p> <p>We are looking forward to meeting you!</p> <p><br/>Your R-Ladies Miami Org-team</p> ",,public,24702818,CIC Miami ,25.79462432861328,-80.20633697509766,FALSE,"1951 Northwest 7th Avenue, Miami, FL 33136",Miami,us,USA,1496532867e3,R Ladies Miami,24259185,open,25.780000686645508,-80.19999694824219,R-Ladies-Miami,Members,"Miami, FL",en_US,,,,,"",FL,
1498138826e3,7200000,240991007,Come and meet the R-Ladies community in Cape Town,past,15003054e5,2017-07-17,17:30,1500363783e3,7200000,0,16,https://www.meetup.com/rladies-cape-town/events/240991007/,"<p>Dear All,</p> <p>Please join us for the very first meetup of the R-Ladies Cape Town chapter. R-Ladies is a worldwide organisation whose mission is to promote gender diversity in the R community. There are many other R-Ladies chapters in cities all around the world. As an organization R-Ladies is fully inclusive of trans women, genderqueer women and non-binary people who are significantly female-identified, and the same stands for R-Ladies Cape Town. Please have a look at the R-Ladies <a href=""https://github.com/rladies/starter-kit/blob/master/R-Ladies_RulesGuidelines.pdf"">rules and guidelines.</a> </p> <p>The idea for the Cape Town chapter of R-Ladies Global is to bring together women who work with R to get to know, support and learn from each other. The R community suffers from an underrepresentation of women in every role and area of participation. You absolutely do not need to be good at R to be a part of this community.</p> <p>Here is a <a href=""http://tinyurl.com/y8csajg2"">map link</a> to the venue for the meetup. We are very happy that it is so close to public transport for people who rely on it. I know we will be meeting outside peak hours. If you have any safety concerns regarding getting to the station or getting home, please get in touch and we will find out if anyone with a car is going your way and can lift you.</p> <p>There will be some drinks and snacks to fuel the conversation. We will say a few words to kick off but otherwise please just come along, be brave and chat to people :)</p> <p>We really hope to see you there. Please feel free to get in touch if you have any questions.</p> <p>All the best,</p> <p>Theoni, Megan and Wiebke</p> ","We will meet at the Bandwidth Barn in Woodstock, in the Events Room. The building is opposite Woodstock railway station.",public,12322382,"3rd Floor, Bandwidth Barn, Woodstock Exchange",-33.924869537353516,18.424055099487305,FALSE,"66 - 68 Albert Road, Woodstock Exchange",Cape Town,za,South Africa,1488792247e3,R-Ladies Cape Town,22790744,open,-33.93000030517578,18.459999084472656,rladies-cape-town,Members,"Cape Town, South Africa",en_US,,PT48H,,,,,
149216049e4,,239207507,First R-ladies MeetUp!,past,14932242e5,2017-04-26,18:30,1493315165e3,7200000,0,23,https://www.meetup.com/rladies-munich/events/239207507/,"<p>Dear Members,</p> <p><br/>On behalf of R-Ladies Munich, we thank you for joining our group. Now, we are excited to announce <b>our first MeetUp event</b> !</p> <p>We will be meeting at the<b> library of Munich University Hospital at Sendlinger Tor</b>, below are the details:<br/><b>Date</b> : 26th April, 2017 (Wednesday)<br/><b>Time</b> : 18:30 - 21:30<br/><b>Address</b> : Bibliothek, 3 OG<br/>                  Institut für Arbeits-, Sozial- und Umweltmedizin<br/>                  Klinikum der Universität München               <br/>                  Ziemssenstraße 1, 80336 München (please find the map above)</p> <p>During the MeetUp, our co-organizer, Dahola Rodríguez-Molina, would like to demonstrate and introduce you to <b>Git, GitHub, and Rmarkdown</b>. Therefore, we highly encourage you to <b>bring your own Laptop</b>, such that you could practice with us!</p> <p>Whether you are new to R or an expert user, work in academics or industry, this is a laid back event to further connect the R-Ladies community in Munich. During the MeetUp, you will have the opportunity to <b>make new friends, freely discuss and practice R together while enjoying snacks and drinks</b> we provide (but of course, we welcome if you would like to bring something to share). Also, you are always welcomed to bring your friends who are interested in R.</p> <p>In order to better understand your preferences on our topics and arrangements, please kindly take a few minutes to <b>fill in our questionnaire </b>so that we could improve our MeetUp!</p> <p><a href=""https://rladiesmunich.typeform.com/to/c46YCG""><a href=""https://rladiesmunich.typeform.com/to/c46YCG"" class=""linkified"">https://rladiesmunich.typeform.com/to/c46YCG</a></a></p> <p>Should you have any enquires, please feel free to contact us at &lt;a&gt;munich@rladies.org&lt;/a&gt;. We look forward to seeing you all on 26th April !</p> <p><br/>Best regards,</p> <p>Maggie Chak</p> <p><br/>Co-organizer,R-Ladies Munich</p> ","Library, 3rd floor",public,25175576,"Bibliothek 3OG, Klinikum der Universität München ",48.1324462890625,11.562468528747559,FALSE,"Ziemssenstraße 1, 80336",München,de,Germany,1490125568e3,R-Ladies Munich,22962662,approval,48.13999938964844,11.579999923706055,rladies-munich,useRs,"München, Germany",en_US,,,,,,,
1513172312e3,,245882301,R-Ladies Belgrade: Networking and Social,past,15137892e5,2017-12-20,18:00,1513864347e3,3600000,0,58,https://www.meetup.com/R-Ladies-Belgrade/events/245882301/,"<p>Dobro došli na prvi R-Ladies Belgrade MeetUp!</p> <p><b>Program:</b></p> <p>18:00 - Otvaramo vrata</p> <p>18:15 - Dobro došli na R-Ladies Belgrade: Uvod i najava</p> <p>18:45 - Prezentacija i diskusija: Zašto R? Ilustracija kroz uporabu ggplot i magick paketa (Dr Tatjana Kecojević)</p> <p>19:30 - Hang around: prilika za razgovor i upoznavanje</p> <p>20:00 - Zatvaramo vrata<br/> </p> <p>Razgovaraćemo o tome šta to R nudi i čini jedinstveno prikladnim za obavljanje nauke o podacima, bolje znane kao Data Science (DS). Razmotrićemo alate potrebne za rad na tipičnom DS projektu, koje ćemo ilustrovati na malom primeru. Razmenićemo razmisljanja o tome šta podrazumevamo pod terminom Data Science i najboljim načinima komuniciranja rezultata analiza s ciljanom publikom.</p> <p><br/>Voleli bismo da dodjete i da nam se pridružite u diskusijama i razmeni iskustava u radu na Vasim svakodnevnim DS projektima.</p> <p>Ne morate biti korisnik R-a, niti njegov stručnjak da bi ste se pridružiti našim diskusijama. Potrebno je samo da imate interesovanje za učenje, rad i upoznavanjem sa DS projektima i R-om.</p> <p>Nadamo se da ćete nam se pridružiti.</p> <p>Zahvaljujemo se <a href=""https://startit.rs/beograd/"">STARTIT Centru</a> za pružanje mogućnosti održavanja ovog događaja. </p> ",,public,25547484,Startit Centar,44.80695724487305,20.455503463745117,FALSE," Savska 5, Beograd 11000",Belgrade,rs,Serbia,1505491915e3,R-Ladies Belgrade,25935651,open,44.83000183105469,20.5,R-Ladies-Belgrade,Members,"Belgrade, Serbia",en_US,,,,,,,
1480533125e3,5400000,235936204,R-Ladies Ames Launch Party,past,14818428e5,2016-12-15,17:00,148184909e4,-21600000,0,29,https://www.meetup.com/R-Ladies-Ames/events/235936204/,"<p>During this Meetup we will meet each other, enjoy some refreshments, and talk about the future of R-Ladies Ames. If you have a project you're working on in R, come ready with your elevator pitch! If you have something you want to learn in R, come ready with ideas and questions! If you feel like you have no idea, come with an open mind! We will pick a topic for our first R-Ladies workshop/lecture/etc of 2017 at this party.</p> ",@RLadiesAmes,public,24927886,Atanasoff Hall Room B0029,42.02817153930664,-93.64973449707031,FALSE,2434 OSBORN DR,Ames,us,USA,1480118246e3,R-Ladies Ames,21280054,open,42.029998779296875,-93.63999938964844,R-Ladies-Ames,R-Ladies,"Ames, IA",en_US,,PT23H30M,,,"",IA,
1480676757e3,9000000,235980938,R-Ladies Tbilisi Launch,past,14812092e5,2016-12-08,19:00,1481232603e3,14400000,0,23,https://www.meetup.com/rladies-tbilisi/events/235980938/,"<p><b>8 დეკემბერს, 19:00 საათზე,</b> ეკონომიკის სკოლა აისეტის (ISET) საკონფერენციო დარბაზში (ზანდუკელის ქ. #16, I სართული) ჩატარდება <b>R-Ladies Tbilisi-</b>ის გასაცნობი სახის შეხვედრა. ჩვენ დეტალურად გაგაცნობთ R-Ladies ინიციატივასა და მის ფარგლებში დადეგმილ აქტივობებს;  ასევე, თქვენთან ერთად გადმოვწერთ R-სა და R-Studio-ს, გავეცნობით R-ის საწყისებსა და მის რამდენიმე ბრძანებას.</p> <p>გთხოვთ, თუ შესაძლებელია, თან იქონიოთ თქვენი ლეპტოპი. შეხვედრა წარიმართება ინგლისურ ენაზე, თუმცა საჭიროების შემთხვევაში, ხელმისაწვდომი იქნება ქართული თარგმანიც.</p> <p>===================================================================</p> <p>R-Ladies Tbilisi launch meeting will take place on December 8 in ISET (conference hall, 1st floor) at 16 Zandukeli str. It will last between 7-9.30 PM. We will introduce the background of R-Ladies initiative, discuss the activities of R-Ladies with you, download and install R and R-Studio together, and go through first basic commands in R. Please bring your laptops, if possible. The event will be in English, but Georgian translation will be provided for those who need it.</p> ",,public,24928764,ISET,41.703826904296875,44.787872314453125,FALSE,16 Zandukeli str.,Tbilisi,ge,Georgia,1480449123e3,R-Ladies Tbilisi,21313292,approval,41.720001220703125,44.790000915527344,rladies-tbilisi,Member,"Tbilisi, Georgia",en_US,,,,,,,
1502064035e3,,242342575,Primer Meetup de RLadies Montevideo!,past,15041304e5,2017-08-30,19:00,1504637617e3,-10800000,0,35,https://www.meetup.com/rladies-montevideo/events/242342575/,"<p><b>Hola a tod@s!</b></p> <p>Estamos muy contentas de anunciar nuestro primer evento en Montevideo! </p> <p>Nuestras speakers:</p> <p><b>Carolina Crisci</b> es bióloga de formación. Fue Ayudante por algunos años en el Laboratorio de Probabilidad y Estadística del Instituto de Matemática en la Facultad de Ingeniería donde comenzó a trabajar en la aplicación de modelización estadística a problemas biológicos. Siempre con la perspectiva de combinar la Biología y la Estadística, se formó como Doctora en Oceanografía en la Université de la Méditerranée (Francia) y al volver a Uruguay realizó un postdoc en el área de Ecología Acuática. Actualmente es Profesora Adjunta en el Centro Universitario Regional del Este (Rocha), donde forma parte del grupo Modelización y Análisis de Recursos Naturales.</p> <p><b>María Eugenia Riaño </b>es docente del Departamento de Métodos Cuantitativos de la Facultad de Ciencias Económicas. Trabaja en el área de Muestreo, y ha participado de varios proyectos vinculados al área. También trabajó en el Instituto Nacional de Estadística, encargándose del muestra de la Encuesta Continua de Hogares. Sus intereses son muestreo y estadística espacial.</p> <p><b>Natalia Berberian y Alejandra Borges</b>. Natalia es Licenciada en Estadística y Magíster en Ciencias Agrarias, Opción Bioestadística. Trabaja en el Departamento de Biometría, Estadística y Computación de la Facultad de Agronomía desde 2010. Se involucró en el uso de modelos espaciales en el contexto de diseño de experimentos en su tesis de Maestría. Alejandra es Ingeniera Agrónoma y Magíster en Ciencias Agrarias, Opción Ciencias Vegetales. Actualmente está realizando un Doctorado en Ciencias Agrarias. Trabaja en el Departamento de Biometría, Estadística y Computación de la Facultad de Agronomía desde 2006. Se involucró en el uso de modelos espaciales en el contexto de diseño de experimentos en su tesis de Doctorado y en diversos proyectos de investigación. Actualmente dictan un curso de posgrado en la Maestría en Ciencias Agrarias de Introducción a la Geoestadística que se ofrece cada dos años en Facultad de Agronomía.</p> <p><b>Agenda:</b></p> <p>19:00 - 19:20 networking </p> <p>19:20 – 19:40 Natalia y Daniela (organizadoras) presentan “Qué es R-Ladies y por qué existe?”</p> <p>19:45 – 20:00 Carolina presenta “Modelando en Ecología: aplicaciones usando R”</p> <p>20:05 – 20:20 María Eugenia presenta ""Análisis de Muestras complejas en R""</p> <p>20:25 – 20:40 Natalia y Alejandra presentan “Modelos espaciales en el contexto de diseño de experimentos”</p> <p>20:40 en Adelante, networking</p> <p>Agradecemos a <b>Sophilabs</b> que proactivamente ofreció recibirnos y brindarnos su apoyo.</p> <p>Sophilabs (&lt;a&gt;<a href=""https://sophilabs.co)&lt;/a&gt"" class=""linkified"">https://sophilabs.co)&lt;/a&gt</a>; es una agencia de desarrollo y diseño de software con más de 5 años de experiencia ayudando a startups y corporaciones a construir soluciones innovadoras para usuarios exigentes. Desarrolla software de alta calidad utilizando tecnologías tales como python &amp; django, elixir &amp; phoenix, react,y angular, apoyándose en principios Lean y prácticas ágiles</p> ",,public_limited,25276223,Sophilabs,-34.89752960205078,-56.160804748535156,FALSE,Prudencio de Pena 2517,Montevideo,uy,Uruguay,1496402205e3,R-Ladies Montevideo,24222373,approval,-34.869998931884766,-56.16999816894531,rladies-montevideo,R-Ladies,"Montevideo, Uruguay",en_US,,,,,,,
1511042604e3,,245217280,Kick-starting R-Ladies Vancouver!!!!,past,15126984e5,2017-12-07,18:00,1512848327e3,-28800000,0,17,https://www.meetup.com/R-Ladies-Vancouver/events/245217280/,"<p>Hello R-Ladies community!</p> <p>We are ready to kick-start our local chapter of R-Ladies!</p> <p>Come along to this introductory event where we will find what R-Ladies is all about and get to know fellow R-enthusiasts in Vancouver area. This event is kindly supported by Hothead Games, who are hosting us at their downtown office, thanks a bunch! Also, shout-out to RStudio for providing food and a prize!</p> <p>If you haven’t done so yet, please fill out this survey to help us organize future events: <a href=""http://meet.meetup.com/wf/click?upn=pEEcc35imY7Cq0tG1vyTtzvunsCyKxCKYpTaEbXKAlBW3f8FXCLadsHoAxp5xgfj_CQ7n4E-2BgUeoCGIDa4hBlyamVQRfMhrZULcLb4L-2BbS6NUfsPuyG9IujIfOJGmsDiPFLBhOvBihI7EmYukDjP3BzYREAnCWvPIbLFcGUwr6RejKJGba7ejg502Z95BbO-2B573gbtpJhu6O29evC7fmv1NSi-2FoPKtqpyFqKmhkfPM0ahXv2-2FUcPyQj5-2BuV4wcH-2FucfHngE-2BWqi3hKmOWHgrn6xIz5cxcciSKdKrt4vhYAJ4-3D""><a href=""https://goo.gl/forms/oztMH7oj0bcKHFUq1"" class=""linkified"">https://goo.gl/forms/oztMH7oj0bcKHFUq1</a></a></p> <p><br/>**Updated agenda:</p> <p> 6:00-6:30 pm | Arrive +  meet other ladies, talk R </p> <p> 6:30 pm | Presentation + discussion on R-Ladies global and future of the Vancouver chapter</p> <p>7:30 pm | Raffle to win RStudio t-shirt</p> <p>For ladies interested in getting a celebratory drink after the event, some of us might head to the nearbyish Cactus Club Cafe @ Canada Place (~10 min walk)</p> ","Arrive at the front of the Hothead Games office, say you're here for R-Ladies event and one of us will direct you",public,25072155,Hothead Games Office,49.29037094116211,-123.12954711914062,FALSE,1555 W. Pender St.,Vancouver,ca,Canada,1507261656e3,R-Ladies Vancouver,26169684,open,49.279998779296875,-123.04000091552734,R-Ladies-Vancouver,Members,"Vancouver, BC",en_US,,,20,,"",BC,
1510091184e3,7200000,244909485,"New year, new R meetup!",past,15156252e5,2018-01-10,18:00,1515676073e3,-18000000,0,43,https://www.meetup.com/rladies-philly/events/244909485/,"<p>Ring in the new year with a resolution to use R more!</p> <p>Who are we? We are a few women in Philadelphia who use R and wanted to have a friendly community to extend our R skills and network with other women R users. We learned about the international R-Ladies community and decided to try it in our city.</p> <p>Anyone with an interest in R is welcome. You can be an R expert or novice.</p> <p>When? This January will be the first meeting. We plan to have an informal mixer to introduce ourselves and find out what topics are of the most interest for future meetings. After this first meeting, we hope to start a monthly schedule of interactive workshops led by volunteers. If you have anything you want to share, a problem you are working on, or an idea for a collaborative project, we want to hear about it!</p> <p>If you are completely new to R, bring your computer, and we can walk you through setting up R and RStudio or answer any setup questions you have been working through.</p> <p>Where? We are being hosted at MakeOffices in center city. There will be Pizza!</p> ",Two Commerce Square (2001 Market) is located on the corner of 20th & Market. You will need to check in with the security desk downstairs and grab a badge to access MakeOffices space on the 25th floor. ,public,25434194,MakeOffices,39.95413589477539,-75.173553466796875,FALSE,2001 Market Street #2500,Philadelphia,us,USA,1507729015e3,R-Ladies Philly,26229746,open,40.119998931884766,-75.01000213623047,rladies-philly,R-Ladies,"Philadelphia, PA",en_US,,,60,,"",PA,
1511208203e3,7200000,245261565,R-Ladies Launch with Hadley Wickham,past,15126228e5,2017-12-07,18:00,1512678148e3,46800000,0,17,https://www.meetup.com/rladies-auckland/events/245261565/,"<p>Hi Everyone!</p> <p>We are thrilled to announce our meetup launch with Hadley Wickham. This meetup will aimed at all R abilities. For those very new to R or those who have using the tidyverse for a while, you'll still pick up some new tricks.</p> <p>Please arrive at 6:00 for a 6:30 start.</p> <p># Data science in the tidyverse</p> <p>The talk will begin with a broad overview of the data science process, motivated by a simple, but compelling, example. The bulk of the talk will cover the details of the process, focussing on challenges around data import, tidying, transformation, and visualisation. Along the way you'll learn some of the key principles of the tidyverse, centered around an explicit acknowledgement of the human in the loop.</p> <p>While I'll be showing and talking about lots of code, no programming experience is required. This talk contains no formulas.</p> <p># Bio</p> <p>Hadley is Chief Scientist at RStudio, a member of the R Foundation, and Adjunct Professor at Stanford University and the University of Auckland. He builds tools (both computational and cognitive) to make data science easier, faster, and more fun. His work includes packages for data science (the tidyverse: including ggplot2, dplyr, tidyr, purrr, and readr) and principled software development (roxygen2,<br/>testthat, devtools). He is also a writer, educator, and speaker promoting the use of R for data science. Learn more on his website, <a href=""http://hadley.nz/""><a href=""http://hadley.nz"" class=""linkified"">http://hadley.nz</a></a> .</p> <p>This meetup is being run in conjunction with the Data Science Discussion group <a href=""https://www.meetup.com/Data-Science-Discussion-Auckland/"" class=""linkified"">https://www.meetup.com/Data-Science-Discussion-Auckland/</a></p> <p><br/>We look forward to meeting you.</p> <p>R-Ladies Auckland.</p> <p><img src=""https://secure.meetupstatic.com/photos/event/e/8/1/600_466503713.jpeg"" /></p> ",,public,25626143,"SLT1 Lecture Theatre, Room G01, Building 303 Science Building, University of Auckland",0,0,FALSE,38 Princes Street,Auckland,nz,New Zealand,151119739e4,R-Ladies Auckland,26653882,open,-36.849998474121094,174.75999450683594,rladies-auckland,Members,"Auckland, New Zealand",en_US,,,30,,,,
1502032462e3,,242331352,Welcome to R-Ladies Montenegro!,past,15036804e5,2017-08-25,19:00,1503693052e3,7200000,0,4,https://www.meetup.com/meetup-group-qhbcjAoe/events/242331352/,"<p>R-Ladies Montenegro is happy to announce our 1st MeetUp for 25 August 2017 at 19:00 in Herceg Novi (Caffe Bar Porto).</p> <p>If you would like to learn R and share your experience of working in R or would just like to find out what is R this would be a perfect place for you. It doesn't matter whether you are a beginner or an experienced R coder, come and join us! </p> <p>In our first meeting we will talk about why R is language of choice for many data scientists through a series of demonstrations and hands on exercises. You will be able to learn some of the fundamental concepts of R: basic use of R/RStudio console, inputting and importing different data types, record keeping, graphs etc. We will conclude our first meeting by showing how to create reproducible R-Markdown documents. If you have a laptop bring it with you so we can do some R coding together. We will show you how to install R and RStudio if you haven’t already done so.</p> <p>If any of you would like to present short demos of R code you are using in your projects or R packages please get in touch and we will include it in our programme.</p> <p>The final programme will be announced a few days prior to the meeting.</p> <p>We are looking forward to seeing you all…</p> <p>&gt; #---------------------------------------------------------------------</p> <p>R-Ladies Montenegro sa zadovoljstvom najavljuju naš prvi MeetUp 25. avgusta 2017. u 19h u Herceg Novom (Caffe Bar Porto).</p> <p>Ako želite naučiti R, podeliti svoje iskustvo u korišćenju R-a, ili biste samo želeli saznati što je to R, ovo će biti savršeno mesto za vas. Nije važno da li ste početnik ili iskusan R koder, dođite i pridružite nam se!</p> <p>Na našem prvom sastanku razgovaraćemo o tome zašto je jezik R izbor za mnoge data scientist-e kroz niz demonstracija i konkretnih vežbi. Moći ćete naučiti neke od osnovnih pojmova R-a, osnovnu upotrebu R/RStudio programa: unos i snimanje različitih vrsta podataka, grafički prikaz itd. Završi ćemo naš prvi sastanak tako što ćemo prikazati kako kreirati reproducibilni R-Markdown dokument. Ako imate laptop, donesite ga tako da možemo R-kodirati zajedno. Ako nemate R i RStudio na svom kompjuteru, pomoći ćemo vam da ih instalirate.</p> <p>Ako neko od vas želi demonstrirati svoj projekat i kod u R-u, ili svoj R-paket, molimo da nas kontaktirate kako bi smo vas uključili u programsku šemu.</p> <p>Konačna programska šema biće objavljena nekoliko dana pre sastanka.</p> <p>Unapred se radujemo našem susretu…</p> ","Herceg Novi, near Škver Harbor",public,25438514,Caffe Bar Porto,42.45088195800781,18.53443145751953,TRUE,Vasa Ćukovića 22,HN,me,Montenegro,1501165477e3,R-Ladies Montenegro,25168374,open,42.459999084472656,18.530000686645508,meetup-group-qhbcjAoe,Members,"HN, Montenegro",en_US,,,,,,,
1511781953e3,,245433768,Kick-off Meeting,past,1512837e6,2017-12-09,17:30,1512852572e3,3600000,0,9,https://www.meetup.com/rladies-leuven/events/245433768/,"<p>R-Ladies Leuven is now officially alive and kicking! And to celebrate we are organizing our first kick-off meeting to shape the future of our chapter. In this meeting, we will introduce R-Ladies and R-Ladies Leuven, we will get to know each other, and we will discuss how we want to shape future events in our community. </p> <p><br/>Schedule:</p> <p>5:30pm - Doors open</p> <p>5:45pm - Welcome and introduction to R-Ladies and R-Ladies Leuven (who we are!)</p> <p>6:00pm - Participants introduction (who you are and what you want to get from R-Ladies Leuven)</p> <p>6:30pm - Discussion and presentation of our December monthly meeting (we have one speaker already confirmed!)</p> <p><br/>This is our kick-off meeting and want to host it in an informal way to get to know each other. Because of that, we chose Pangaea, where we can meet and discuss while having some drinks and snacks. After the meeting, we can continue the discussion at the nearby STUKcafé.</p> <p>

Remember that the stated priority of the R-Ladies communities is the development &amp; support specifically of those identifying as female. However, due to unexpected demand, we have opened learning participation to all genders, provided everybody respects the guidelines of our code of conduct. So feel free to come and join!</p> ",,public,23360892,Pangaea ,50.87302017211914,4.704579830169678,FALSE,"Andreas Vesaliusstraat 34, 3000 Lovaina",Lovaina,be,Belgium,1509377392e3,R-Ladies Leuven,26439137,open,50.880001068115234,4.699999809265137,rladies-leuven,R-Ladies,"Leuven, Belgium",en_US,,,,,,,
150936487e4,3600000,244650317,Being 'inferior' and an intro to Liverpool's female data science group!,past,15120666e5,2017-11-30,18:30,151207506e4,0,0,3,https://www.meetup.com/rladies-liverpool/events/244650317/,"<p>Location - Starbucks in The Guild On November 30th Angela Saini is visiting Liverpool to give a talk on her book 'Inferior - How Science got Women'.</p> <p>Tickets for her event are free and available here :</p> <p><a href=""https://www.eventbrite.co.uk/e/how-science-got-women-wrong-tickets-36997705132?aff=es2"" class=""linkified"">https://www.eventbrite.co.uk/e/how-science-got-women-wrong-tickets-36997705132?aff=es2</a></p> <p>We are going to meet after her event to discuss her book and the future of R-Ladies Liverpool; discovering what our members would like to get out of being part of this group and think about what we might like to cover in our second meeting.</p> <p>We are really looking forward to meeting you all and hope to make this group fun and accessible to all who identify as female coders!</p> <p>Come for the code, stay for the cats @rladieslivUK</p> ",For now: www.twitter.com/rladieslivUK,public,16778702,Liverpool Guild of Students,53.403907775878906,-2.9722259044647217,FALSE,Mount Pleasant,Liverpool,gb,United Kingdom,1509307254e3,R-Ladies Liverpool,26430333,open,53.41999816894531,-2.990000009536743,rladies-liverpool,R-Ladies,"Liverpool, United Kingdom",en_US,,,,,,,
1512659027e3,5400000,245727687,new yeaR's Resolution: moRe R,past,15154524e5,2018-01-08,18:00,1515468197e3,-18000000,0,9,https://www.meetup.com/rladies-sarasota/events/245727687/,"<p>Is your new yeaR's Resolution to teach/learn/use more R? Then, welcome to the club! We will have our inaugural meeting for R-Ladies Sarasota where we meet and greet each other, hear what  R Ladies is all about and get our hands on R for beginners. Each R Ladies chapter around the world shapes their own agenda so we will shape our agenda together. Please fill out the survey <a href=""https://goo.gl/forms/oRUTsTxPJot373i73"" class=""linkified"">https://goo.gl/forms/oRUTsTxPJot373i73</a> which will help us shape our agenda.</p> ",,public,25652410,New College of Florida Heiser Natural Sciences Complex Room E 167/168,0,0,FALSE,500 College Dr,Sarasota,us,USA,1507904309e3,R-Ladies Sarasota,26251610,open,27.40999984741211,-82.5199966430664,rladies-sarasota,R Ladies,"Sarasota, FL",en_US,,PT24H,30,,"",FL,
1492696017e3,,239354952,El Faro - Un programa de Ciencia,past,14927292e5,2017-04-20,20:00,1492742298e3,-10800000,0,2,https://www.meetup.com/rladies-santa-rosa/events/239354952/,"<p>Desde las 20.00 horas, estaremos en El Faro - un programa de Ciencia contando de que va R-Ladies y como pueden hacer todos los que quieran para poder participar, unirse al grupo y organizar actividades.<br/>Para los que no sepa que es R, también contaremos un poquitito porqué este tipo de herramientas son tan importantes en esta época de muchos datos disponibles.</p> <p>Los esperamos por Radio Noticias FM 99.5.</p> ",,public,25188245,Radio Noticias,0,0,FALSE,99.5 FM,Santa Rosa,ar,Argentina,1491479515e3,R-Ladies Santa Rosa,23174619,approval,-36.619998931884766,-64.30000305175781,rladies-santa-rosa,R-Ladies,"Santa Rosa, Argentina",en_US,,,,,,,
1506539959e3,5400000,243719055,R-Ladies Strasbourg Introductory meetup,past,15093828e5,2017-10-30,18:00,1509444329e3,3600000,0,4,https://www.meetup.com/R-Ladies-Strasbourg/events/243719055/,"<p>In this meetup R-Ladies Global will be introduced, which is a global organisation of woman programming in R.  I will also talk about the local R-Ladies Strasbourg and we will discuss about what we would like to talk for the future meetings. Before the meeting could you please take 5 minutes to take this <a href=""https://docs.google.com/forms/d/e/1FAIpQLSenZZnX_Go5gauWlMrc_kjIHs52fq73LsNhY314QggTKkZsww/viewform"">survey</a>?</p> <p>Dans ce meetup nous allons faire une introduction sur R-Ladies Global, une association des femmes dans la programmation R. Une presentation sur l'association locale R-Ladies Strasbourg sera fait. Pourriez vouz completer une <a href=""https://docs.google.com/forms/d/e/1FAIpQLSenZZnX_Go5gauWlMrc_kjIHs52fq73LsNhY314QggTKkZsww/viewform"">questionnaire</a> avant le meetup, s'il vous plait?</p> ",,public,5560022,Epitech,48.58378982543945,7.749598979949951,FALSE,4 rue du Dome,Strasbourg,fr,France,1506514356e3,R-Ladies Strasbourg,26068732,approval,48.58000183105469,7.75,R-Ladies-Strasbourg,Members,"Strasbourg, France",en_US,,,,,,,
1500902119e3,,241975486,Meet and Greet,past,15037542e5,2017-08-26,09:30,1503767449e3,-14400000,0,3,https://www.meetup.com/RLadies-Buffalo/events/241975486/,<p>This will be a very informal event.  This initial meet up is meant to meet each other and find out a little bit about where everyone envisions this group going.  We want to know how much background you have in R and what topics are of interest.  We chose Spot Coffee on Hertel right now but based on who comes we can chose a more central location for future events.  We will also be curious as to what days/times work best for everyone to try and meet the needs of the group for scheduling other events.</p> ,,public,25384241,SPoT Coffee Hertel,42.94785690307617,-78.85608673095703,FALSE,1406 Hertel Avenue,Buffalo,US,USA,1496006407e3,R-Ladies Buffalo,24100709,approval,42.900001525878906,-78.87999725341797,RLadies-Buffalo,R-Ladies,"Buffalo, NY",en_US,,,,,,,
1478210214e3,9000000,235335354,Launch Event R-Ladies Lisbon,past,1481652e6,2016-12-13,18:00,1481731778e3,0,0,19,https://www.meetup.com/R-Ladies-Lisboa/events/235335354/,"<p><b>NEW EVENT DATE - Terça-feira, 13.Dezembro</b></p> <p>We’re ready to announce our first event! This meeting will be to show you what R-Ladies project is all about and why we’re so passionate about R.</p> <p>To better understand our members’ skill levels and interests, we’ve created a <a href=""https://goo.gl/forms/bEchVupZDry2m4rG3"">short survey</a>. Please fill it out, even if you cannot attend the meeting, so we can meet your expectations.</p> <p>_________________________________________________________________</p> <p><b>NOVA DATA - Tuesday, 13.Dezembro </b></p> <p>Estamos prontos para anunciar o nosso primeiro evento! Este primeiro encontro servirá para dar a conhecer o projeto R-Ladies e o porquê de sermos tão apaixonadas por R.</p> <p>Para melhor entendermos as capacidades e interesses dos nossos membros, criámos este <a href=""https://goo.gl/forms/sFwqluvrR5oSD19Z2"">pequeno questionário.</a> É importante que o preenchas, mesmo que não possas estar presente nesta primeira data, para podermos ir de encontro às vossas expectativas. </p> ",,public,24149073,Beta-i ,38.7324333190918,-9.14238452911377,FALSE,"Avenida Casal Ribeiro, 28, 1000-092 ",Lisbon,pt,Portugal,14774923e5,R-Ladies Lisboa,20914876,open,38.720001220703125,-9.140000343322754,R-Ladies-Lisboa,Membros,"Lisbon, Portugal",en_US,,,,,,,
1503947473e3,7200000,242903438,R-Ladies St. Louis Open House,past,15066396e5,2017-09-28,18:00,1506650774e3,-18000000,0,24,https://www.meetup.com/R-Ladies-St-Louis/events/242903438/,<p>Join us for the 1st Meeting of the new R-Ladies Chapter here in St. Louis. </p> <p><br/>Plan for the Open House:</p> <p>- Meet each other over snacks and drinks (Thanks WUSTL Brown School Diversity Committee &amp; SLU Center for Outcomes Research!)</p> <p>- Learn about what other local R-Ladies are working on in R</p> <p>- Suggest your ideas for topics and logistics of future events</p> <p>- Learn about opportunities to get involved with (or sponsor) R-Ladies STL</p> <p>- Complete our R-themed crossword for a chance to win a prize!</p> <p>- Get some free laptop stickers and other cool stuff donated by RStudio &amp; Crocs (and get your super-duper-official R-Ladies STL laptop sticker)</p> <p>Thanks to all our sponsors:</p> <p>- RStudio<br/>- Crocs<br/>- WUSTL Brown School Diversity Committee<br/>- SLU Center for Outcomes Research</p> ,,public,25465415,Caleres Lounge and Garden Terrace,38.64687728881836,-90.30470275878906,TRUE,"Hillman Hall, Washington University in St. Louis",Saint Louis,us,USA,1503944681e3,R-Ladies St. Louis,25681976,open,38.630001068115234,-90.19000244140625,R-Ladies-St-Louis,R-Ladies of St. Louis,"Saint Louis, MO",en_US,,,,,"",MO,
1486573792e3,7200000,237554824,Kickoff Meeting!,past,14879772e5,2017-02-24,18:00,1487986435e3,-18000000,0,5,https://www.meetup.com/rladies-connecticut/events/237554824/,"<p><b><i>Let's get together to kickoff the launch of the R-Ladies CT group! </i></b></p> <p>The tentative agenda includes: </p> <p>6:00 PM - 6:30 PM - Arrive &amp; Enjoy refreshments</p> <p>6:30 PM - 7:00 PM - Networking (Some students with the <a href=""http://www.wesleyan.edu/qac/index.html"">QAC</a> will join us!)</p> <p>7:00 PM - 8:00 PM -  Short presentation &amp; discussion </p> <p>       • Intro to R-Ladies</p> <p>       • Stats from the <a href=""https://docs.google.com/forms/d/e/1FAIpQLSfwSJxR72_4fv3velcJcxfTJEbc6MovGRsqL5ZAWXhSMqsiWQ/viewform?c=0&amp;w=1"">survey</a></p> <p><br/>       • Call for volunteer organizers</p> <p><br/>       • Open discussion for future Meetup ideas!</p> <p><br/>------------------------------------------------------------------------</p> <p><b>Further Location &amp; Parking Details:</b></p> <p>Parking across the building in parking lot C.</p> <p>Additional parking: E and L lots  and street parking possible on High Street</p> <p>Wesleyan Campus map: <a href=""http://www.wesleyan.edu/about/images/maps/campus_map1.jpg""><img src=""http://www.wesleyan.edu/about/images/maps/campus_map1.jpg"" /></a></p> ",https://twitter.com/RLadiesCT,public,25039263,Allbritton Center room 311 @ Wesleyan University ,0,0,FALSE,222 Church Street,Middletown,us,USA,1478734165e3,R-Ladies Connecticut,21107834,open,41.790000915527344,-72.66999816894531,rladies-connecticut,R-Ladies,"Hartford, CT",en_US,,,,,"",CT,
148543281e4,,237214078,"print(“Hello, Ladies :)”)",past,14872662e5,2017-02-16,18:30,1487349332e3,3600000,0,82,https://www.meetup.com/R-Ladies-Budapest/events/237214078/,"<p>Csodálkozzunk rá együtt arra, milyen összefüggések bányászhatóak ki egy-egy adathalmazból!</p> <p>Első találkozásunkkor kedvcsinálóként elmeséljük, mi hárman (Eszter adattudósként, Zsuzsi környezetkutatóként és Ági elemzőként) mire használjuk az adatainkat és hogyan segít bennünket az R.</p> <p>Mutatunk néhány érdekes esettanulmányt is: lesz szó arról, mire jó az adatvizualizáció, hogyan lehet egy vásárló ruhaméretét megbecsülni, egy tinédzsert bajba juttatni reklámújság kiküldésével vagy hackereket találni pusztán viselkedési adataik alapján.</p> <p>A későbbi alkalmakkor egy laptop jól jöhet (hogy ki is próbáljátok, amit lépésről-lépésre megtanultok), de ezzel most még ne foglalkozzatok, csak gyertek el és hozzátok a barátnőiteket is :)</p> ",,public,25013271,"BME I épület, IB019-es terem",47.47287368774414,19.059415817260742,TRUE,Magyar Tudósok körútja 2.,Budapest,hu,Hungary,1485298222e3,R-Ladies Budapest,22066895,open,47.5099983215332,19.079999923706055,R-Ladies-Budapest,Members,"Budapest, Hungary",en_US,,,84,,,,
1492045339e3,,239173353,Primeiro Meetup R-Ladies Rio,past,14951448e5,2017-05-18,19:00,1501296167e3,-10800000,0,47,https://www.meetup.com/R-Ladies-Rio/events/239173353/,"<p>Nosso objetivo é promover a linguagem R, compartilhar conhecimentos, especialmente na comunidade feminina. Toda e qualquer pessoa com interesse na linguagem R é convidada a participar. Não importa se você nunca usou R antes ou se você é especialista em R. </p> <p>Teremos conosco a fundadora do R-Ladies, a Gabriela de Queiroz! </p> <p>Título:</p> <p><br/>""Data Science, R e R-Ladies: um pouco da minha experiência no Vale do Silício""</p> <p>Gabriela de Queiroz é Lead Data Scientist na SelfScore onde cria e mantém modelos Estatísticos e de Machine Learning usados em otimização, fraude e risco. Já trabalhou em algumas startups no Vale do Silício e nas suas horas vagas é mentora em Data Science. Ela é fundadora do grupo R-Ladies com mais de 30 capítulos ao redor do mundo.Mestre em Estatística pela CSUEB e Epidemiologia pela Fiocruz. </p> <p>


AVISO: Nosso meetup está chegando! <br/>Para quem for levar convidada ou convidado, por favor informe nome por inbox. Falaremos sobre R, Big Data e Data Science, suas aplicações e a carreira.</p> <p>As inscrições fecham 17/05. </p> <p>


Maiores detalhes do código de conduta para o grupo em: </p> <p><a href=""https://github.com/rladies/starter-kit/wiki/Code-of-Conduct""><a href=""https://github.com/rladies/starter-kit/wiki"" class=""linkified"">https://github.com/rladies/starter-kit/wiki</a>...</a></p> ",,public_limited,25172774,Faculdades Senac Rio ,0,0,FALSE,"Rua Santa Luzia, 735 - 4° andar - sala 402 - Próximo ao Metrô da Cinelândia.",Rio de Janeiro,br,Brazil,148820884e4,R-Ladies Rio de Janeiro,22664282,approval,-22.90999984741211,-43.20000076293945,R-Ladies-Rio,R-Ladies,"Rio de Janeiro, Brazil",en_US,,PT7H,50,,,,
148604034e4,7200000,237398296,R-Ladies Adelaide launch event,past,14889546e5,2017-03-08,17:00,1489560199e3,37800000,0,5,https://www.meetup.com/rladies-adelaide/events/237398296/,"<p>Our very first meetup will be held on the International Women' day, Wednesday, March 8th. Everyone with interest in the R language and supports diversity in the field is welcome! We value your inputs, so please participate in a <a href=""https://docs.google.com/forms/d/1Skze8uqBz-B8pB07W7PgksU43nPwBfIZ3taCjGm3G14/edit"">short survey</a>. This is completely anonymous and won't take a minute! We'd like to know more about you! You are more than welcome to prepare 1 min slide to introduce yourself to the community. Please email your slide to organizers by 6th of March if you are interested.</p> <p><b>Date &amp; Time:</b> Wednesday, March at 5 pm</p> <p><b>Location:</b> Microsoft Innovation Center, Adelaide</p> <p><b>Speaker</b>: Mehwish Nasim</p> <p>Mehwish Nasim received her Ph.D. degree in Computer Science from University of Konstanz, Germany, in 2016. Her research interests include network analysis, data mining, and machine learning. She is currently working as a Postdoctoral Research Engineer at the University of Adelaide.</p> <p>We are so much looking forward to kicking off an R-Ladies community in Adelaide!</p> <p>Website: <a href=""http://www.r-ladies.com/""><a href=""http://www.r-ladies.com/"" class=""linkified"">http://www.r-ladies.com/</a></a></p> <p>Eventbrite: <a href=""https://www.eventbrite.com/e/r-ladies-adelaide-launch-event-tickets-32224298745/""><a href=""https://www.eventbrite.com/e/r-ladies-adelaide-launch-event-tickets-32224298745/"" class=""linkified"">https://www.eventbrite.com/e/r-ladies-adelaide-launch-event-tickets-32224298745/</a></a></p> <p>Twitter: <a href=""https://twitter.com/RLadiesAdelaide/""><a href=""https://twitter.com/RLadiesAdelaide/"" class=""linkified"">https://twitter.com/RLadiesAdelaide/</a></a></p> ",,public,24287674,Microsoft Innovation Centre South Australia,-34.925804138183594,138.6050567626953,FALSE,147 Pirie Street,Adelaide,au,Australia,1486037613e3,R-Ladies Adelaide,22202405,open,-34.93000030517578,138.60000610351562,rladies-adelaide,Members,"Adelaide, Australia",en_US,,,40,,,,
1485947123e3,,237364726,Launch Meetup/Tanışma Toplantısı & R-Başlangıç Seviyesi Eğitimi/R for Beginners ,past,14877648e5,2017-02-22,14:00,1488649091e3,7200000,0,14,https://www.meetup.com/R-Ladies-%C4%B0zmiR/events/237364726/,"<p>İzmir'de yapılacak olan ilk R etkinliğinde bizlerle beraber olmak ister misiniz!<br/>R programı hakkında bilgi sahibi olup, fikirleri ve tecrübeleri paylaşmak, yeni insanlarla tanışmak için güzel bir fırsat!<br/>Daha önce hiç R kodları ile uğraşmadıysanız ve bir giriş yapmak istiyorsanız bu ayki etkinlik tam size göre!<br/>Katılımcıların laptop ve şarj aletleri ile gelmeleri, bilgisayarlarında R ve RStudio'nun kurulu olması beklenmektedir. </p> <p>NOT: Kısıtlı bir eğitim alanımız olduğu için ilk toplantıya öncelikli olarak lisansüstü öğrenim gören katılımcıları bekliyoruz. Katılmak isteyen diğer grup üyelerinin gelmek istedikleri takdirde mail atmalarını ve durumu sormalarını rica ediyoruz.<br/>Ayrıca aşağıdaki anketi doldurursanız sevinirim.</p> <p><a href=""https://docs.google.com/forms/d/e/1FAIpQLSeGdhZf-rqsnV1zWoU7lgsNMbPvZXvYrDEuoNaQBDUimrMn0g/viewform"" class=""linkified"">https://docs.google.com/forms/d/e/1FAIpQLSeGdhZf-rqsnV1zWoU7lgsNMbPvZXvYrDEuoNaQBDUimrMn0g/viewform</a></p> <p>İzmir Dokuz Eylül İstatistik Bölümünden Yard. Doç. Dr. Engin Yıldıztepe bizlere R konusunda giriş seviyesinde bir seminer verecektir. </p> <p>


Yer: MB201 bilgisayar laboratuarı</p> <p><br/>Keyifli bir etkinlik bizleri bekliyor! Görüşmek üzere ;)</p> ",,public,25024524,İzmir Ekonomi Üniversitesi,38.38825225830078,27.044815063476562,FALSE,"Teleferik, Sakarya Cd. No:156, 35330 Balçova",Izmir,tr,Turkey,1475989218e3,R-Ladies İzmiR,20659487,open,38.43000030517578,27.149999618530273,R-Ladies-İzmiR,Members,"Izmir, Turkey",en_US,,,,0,,,
1513024143e3,,245837809,Datos & Guaros Navideño,past,15132096e5,2017-12-13,19:00,1513224109e3,-18000000,0,1,https://www.meetup.com/R-Ladies-Bogota/events/245837809/,"<p>Hola a toda la comunidad datera!</p> <p>

Random Monkey, Queremos Datos y Datasketch los quiere invitar a participar en la última versión del año de Datos &amp; Guaros. En esta oportunidad queremos despedir el año con broche de oro y celebrando las propuestas de periodismo de datos, investigación y visualizaciones.</p> <p>¡Queremos celebrar con ustedes y conocer sus proyectos! Inscríbanse y participen en esta última versión ¡Habrá música en vivo y mucha danza!</p> <p>En el siguiente link encontrarán el formulario de inscripción y asistencia:</p> <p><a href=""https://docs.google.com/forms/d/e/1FAIpQLSdaQDx8SV5U6KwuC_cwPFg1wX5ZzP6Ivq45T2p9OIK9X8dp0g/viewform?c=0&amp;w=1""><a href=""https://docs.google.com/forms/d/e/1FAIpQLSdaQDx8SV5U6KwuC_cwPFg1wX5ZzP6Ivq45T2p9OIK9X8dp0g/viewform?c=0&amp;w=1"" class=""linkified"">https://docs.google.com/forms/d/e/1FAIpQLSdaQDx8SV5U6KwuC_cwPFg1wX5ZzP6Ivq45T2p9OIK9X8dp0g/viewform?c=0&amp;w=1</a></a></p> ",,public,24681053,Casa ZEB,4.633559226989746,-74.07298278808594,FALSE,Calle 45 No 20 - 44 Teusaquillo,Bogotá,co,Colombia,1506119683e3,R-Ladies Bogotá,26017877,open,4.630000114440918,-74.089996337890625,R-Ladies-Bogota,Membres,"Bogotá, Colombia",en_US,,,,,,,
1501192087e3,7200000,242073655,Primer Meetup de RLadiesCDMX,past,15042258e5,2017-08-31,19:30,1504277703e3,-18000000,0,86,https://www.meetup.com/rladiescdmx/events/242073655/,"<p>Estamos muy emocionadas de anunciar nuestro primer encuentro de chicas interesadas en el lenguaje de programación R (#rstats). Nuestro objetivo principal es crear comunidad, así que no te preocupes si tienes muchísima o muy poca experiencia, la onda es conocernos y buscar formas de apoyarnos mutuamente para aprender más.</p> <p>Gracias a Google México (y el contacto vía TheDataPub), la cita será en Centraal, el jueves 31 de agosto a partir de las 19:00.</p> <p>Orden del día</p> <p>• 7:30 - 7:45: Bienvenida por Teresa Ortiz (<a href=""https://twitter.com/TeresaOM"" class=""linkified"">https://twitter.com/TeresaOM</a>) (CONABIO) y Silvia Gutiérrez (<a href=""https://twitter.com/espejolento"" class=""linkified"">https://twitter.com/espejolento</a>) (COLMEX) fundadoras de RLadiesCDMX</p> <p>• 7:45 - 8:00: Mini charla sobre RLadies Global y RLadies</p> <p>• 8:00 - 8:40: Ronda de presentaciones: las que quieran (¡ojalá que todas!) tendrán un espacio de 3 minutos al estilo ""charla relámpago"" o ""PechaKucha"" para presentarse. Pueden usar hasta 3 diapositivas (a veces las cosas se dicen mejor con imágenes) y las pueden añadir en esta pres colaborativa (<a href=""https://docs.google.com/presentation/d/1sI2PRP2M3SydegLd-CdwwN9Y7xzxTz9XylyA3dbDgcA/edit"" class=""linkified"">https://docs.google.com/presentation/d/1sI2PRP2M3SydegLd-CdwwN9Y7xzxTz9XylyA3dbDgcA/edit</a>)</p> <p>• 8:40 - 9:20: Lluvia de ideas para siguientes reuniones actividades</p> <p>• 9:20 - ... : Networking con chelas y pizzas (¡tal vez consigamos sponsors!)</p> ",https://goo.gl/maps/oxqVivmwDmr,public,24820790,Centraal,19.41234016418457,-99.18060302734375,FALSE,"Zamora 187, Condesa, Cuauhtémoc, Ciudad de México, DF, 06140",México City,mx,Mexico,1499139383e3,RLadiesCDMX,24820200,open,19.43000030517578,-99.13999938964844,rladiescdmx,Miembrxs,"México City, Mexico",en_US,,,200,,,,
